county_fips,max_aqi,p90_aqi,median_aqi,days_with_aqi,unhealthy_days,usg_days,pm25_mean,ozone_mean
01003,,,,,,,7.0182590000000005,0.04138375
01027,,,,,,,5.724993888888889,
01049,,,,,,,6.438047555555555,0.04605125
01051,,,,,,,,0.040266750000000004
01055,,,,,,,8.677266,0.0445005
01073,,,,,,,4.5073079969230765,0.04462808333333334
01079,,,,,,,0.41427404651162786,
01089,,,,,,,7.20770423076923,0.0438875
01097,,,,,,,8.076176111111112,0.040994875
01101,,,,,,,7.808058999999999,0.042178
01103,,,,,,,7.317051666666667,0.044427999999999995
01113,,,,,,,1.9820787590361446,0.0415
01117,,,,,,,,0.0435375
01119,,,,,,,5.850090888888889,0.03797575
01125,,,,,,,5.559704,0.040796
02013,,,,,,,0.156695,
02020,,,,,,,5.119358176470588,
02068,,,,,,,0.0818859069767442,0.0337395
02090,,,,,,,4.711325792682927,0.0250245
02110,,,,,,,5.050844235294117,
02122,,,,,,,0.1117420930232558,
02170,,,,,,,0.7090588846153847,
02185,,,,,,,0.08425625581395349,
04001,,,,,,,0.8468024576271187,
04003,,,,,,,0.18658355813953487,0.052027
04005,,,,,,,0.22385002325581393,0.04771875
04007,,,,,,,0.23602627906976742,0.054756624999999996
04012,,,,,,,4.249941777777778,0.05206025
04013,,,,,,,5.196630816901409,0.051773
04015,,,,,,,8.5191666,
04017,,,,,,,0.1900046511627907,
04019,,,,,,,1.3389382677824266,0.050137375
04021,,,,,,,8.645205702702702,0.049461625
04023,,,,,,,3.7341605833333333,
04025,,,,,,,0.21531076744186045,0.05294175
04027,,,,,,,7.8493216666666665,0.04682675
05001,,,,,,,8.814407,
05003,,,,,,,8.432499,
05019,,,,,,,,0.04167975
05035,,,,,,,7.95124,0.04524375
05051,,,,,,,9.024876999999998,
05067,,,,,,,7.7674164999999995,
05101,,,,,,,0.38719665116279073,0.04329875
05113,,,,,,,1.7266439215686276,0.039293
05119,,,,,,,4.806702508474576,0.039993625
05139,,,,,,,9.4744945,
05143,,,,,,,8.447826,0.043787
06001,,,,,,,6.39958103030303,0.0322511
06005,,,,,,,,0.04523125
06007,,,,,,,1.67412,0.044110250000000004
06009,,,,,,,5.483766666666667,0.04496375
06011,,,,,,,8.502340736842106,0.04289925
06013,,,,,,,6.850451277777778,0.032260250000000004
06015,,,,,,,0.9416487446808511,
06017,,,,,,,0.19664547674418606,0.05084475
06019,,,,,,,3.324571009174312,0.04747775
06021,,,,,,,5.540754,0.04152
06023,,,,,,,6.398432964285715,0.0327885
06025,,,,,,,4.227050482352941,0.0515620625
06027,,,,,,,4.015931850340136,0.042440875
06029,,,,,,,2.887439581896552,0.05079390625
06031,,,,,,,10.964717777777777,0.0472145
06033,,,,,,,3.234426,0.03604375
06037,,,,,,,5.564994609589042,0.05080297916666667
06039,,,,,,,9.080145555555553,0.04722075
06041,,,,,,,1.126879326923077,0.031497
06043,,,,,,,0.3698767638888889,0.049355875
06045,,,,,,,6.920191777777777,0.03310475
06047,,,,,,,7.5669245555555555,0.04824375
06051,,,,,,,1.2323233,
06053,,,,,,,5.5739318,0.03652416666666667
06057,,,,,,,3.8704641000000004,0.04890025
06059,,,,,,,3.3229877777777777,0.043209000000000004
06061,,,,,,,5.750435708333334,0.0444101
06063,,,,,,,3.1015028142857144,
06065,,,,,,,4.076858132022473,0.053754340909090904
06067,,,,,,,2.968208170854271,0.039154299999999996
06069,,,,,,,1.4513689615384615,0.041097375
06071,,,,,,,4.2512288186274505,0.05723902777777777
06073,,,,,,,5.65415871291866,0.04662852777777778
06075,,,,,,,6.689929222222222,0.0286555
06077,,,,,,,8.767613350000001,0.039998875
06079,,,,,,,4.97865525,0.041025375
06081,,,,,,,5.243291777777778,0.03115225
06083,,,,,,,5.280452907407407,0.03437363888888889
06085,,,,,,,2.6928466310679613,0.03113375
06087,,,,,,,6.155082888888889,0.035118500000000004
06089,,,,,,,2.974290858974359,0.043597916666666674
06093,,,,,,,1.1438076923076923,0.04106425
06095,,,,,,,4.5786578888888885,0.03458733333333333
06097,,,,,,,3.4035784444444444,0.032436
06099,,,,,,,2.8185454264705885,0.045847125
06101,,,,,,,7.760995277777777,0.048107
06103,,,,,,,5.940216666666667,0.043616375
06105,,,,,,,0.44897413999999997,
06107,,,,,,,2.2800699122807018,0.0550195625
06109,,,,,,,,0.045027750000000005
06111,,,,,,,5.970065833333333,0.045403349999999995
06113,,,,,,,6.429966315789474,0.04188875
08001,,,,,,,2.8125237941176473,0.05251475
08003,,,,,,,1.0264107115384615,
08005,,,,,,,5.399199,0.050096375
08007,,,,,,,,0.03662175
08013,,,,,,,6.3973379999999995,0.04968525
08015,,,,,,,,0.05616725
08019,,,,,,,,0.056551125
08031,,,,,,,3.6714860821917807,0.051245125
08035,,,,,,,4.502339,0.05294
08041,,,,,,,5.671700666666667,0.0506955
08045,,,,,,,4.116966,0.050341875
08047,,,,,,,,0.053351499999999996
08049,,,,,,,,0.0498435
08051,,,,,,,,0.0534645
08057,,,,,,,0.9016702830188679,0.04939825
08059,,,,,,,,0.053800916666666664
08067,,,,,,,0.6035514042553192,0.048792916666666665
08069,,,,,,,1.155205,0.05195082142857143
08077,,,,,,,4.919395444444444,0.052741875
08083,,,,,,,0.13696415714285715,0.048453833333333335
08093,,,,,,,,0.05540875
08097,,,,,,,0.85089225,
08099,,,,,,,5.545491888888889,
08101,,,,,,,4.672654555555556,0.049424
08103,,,,,,,5.421373181818182,0.048297625
08111,,,,,,,0.12879158139534885,
08113,,,,,,,,0.05343975
08123,,,,,,,2.331032053763441,0.0472636
09001,,,,,,,5.729225868421052,0.0481378125
09003,,,,,,,4.816623,0.04419125
09005,,,,,,,1.3388407656249999,0.042789
09007,,,,,,,,0.04570175
09009,,,,,,,2.5884521304347823,0.043543625
09011,,,,,,,5.477889222222221,0.04518375
09013,,,,,,,,0.042977
09015,,,,,,,,0.0417465
10001,,,,,,,6.709916111111111,0.0453525
10003,,,,,,,3.433829198529412,0.0432769375
10005,,,,,,,6.194196444444445,0.043873375
11001,,,,,,,4.195704757731959,0.043125250000000004
12001,,,,,,,6.501198388888889,0.03743825
12003,,,,,,,7.886874,0.037927499999999996
12005,,,,,,,9.443755,0.0391305
12009,,,,,,,5.5941395555555555,0.040381625000000004
12011,,,,,,,3.2083148760330578,0.0378625
12017,,,,,,,0.8251527111111111,
12021,,,,,,,7.886717,0.03773975
12023,,,,,,,8.8258335,0.040205500000000005
12031,,,,,,,7.179701874999999,0.040460916666666666
12033,,,,,,,6.993321388888889,0.04133825
12035,,,,,,,,0.03902975
12047,,,,,,,8.680859,
12055,,,,,,,,0.03953025
12057,,,,,,,2.9810640566037736,0.0415764375
12059,,,,,,,8.8278805,0.03819625
12061,,,,,,,,0.038580249999999996
12069,,,,,,,,0.04125425
12071,,,,,,,6.08291892,0.039365625
12073,,,,,,,3.233449029411765,0.0381915
12077,,,,,,,,0.03492075
12081,,,,,,,,0.03861783333333333
12083,,,,,,,9.4296895,0.03953475
12085,,,,,,,6.242940666666666,0.0382595
12086,,,,,,,3.3251579444444443,0.03904725
12091,,,,,,,,0.040591249999999995
12095,,,,,,,6.423837907407408,0.0418085
12097,,,,,,,6.431464352941177,0.04119825
12099,,,,,,,6.826356740740741,0.03698175
12101,,,,,,,,0.041752375
12103,,,,,,,6.199088,0.04121675
12105,,,,,,,7.8173522222222225,0.040826125
12111,,,,,,,,0.038696999999999995
12113,,,,,,,8.5098275,0.041943
12115,,,,,,,6.990881454545455,0.03959158333333333
12117,,,,,,,7.4220049999999995,0.042076
12127,,,,,,,6.6983915,0.03795675
12129,,,,,,,0.5692694027777778,0.0368875
13021,,,,,,,3.7757386636363637,0.04165275
13049,,,,,,,0.3795936744186046,
13051,,,,,,,8.239079764705883,0.040606
13055,,,,,,,,0.041575
13059,,,,,,,8.301622722222223,0.043686
13063,,,,,,,9.515782,
13067,,,,,,,8.771713357142858,0.042021
13069,,,,,,,3.1369337156862747,
13073,,,,,,,,0.04143475
13085,,,,,,,,0.042367749999999996
13089,,,,,,,2.0434485869565218,0.0394945
13095,,,,,,,9.075953,
13097,,,,,,,,0.04535025
13115,,,,,,,0.6617209420289855,
13121,,,,,,,8.330160809523809,0.045757
13127,,,,,,,7.258775529411764,0.039251999999999995
13135,,,,,,,9.611597647058824,0.0455965
13139,,,,,,,9.060319,
13151,,,,,,,6.9656625000000005,0.0447185
13153,,,,,,,8.285088823529412,
13185,,,,,,,8.794715235294118,
13213,,,,,,,0.3443168837209302,0.04547775
13215,,,,,,,3.6338567766990293,0.0419775
13231,,,,,,,,0.04688775
13245,,,,,,,3.2191880752688173,0.04206
13247,,,,,,,,0.04296075
13261,,,,,,,,0.04095325
13295,,,,,,,2.3926803647058823,
13303,,,,,,,8.688490653846154,
15001,,,,,,,1.733572913043478,
15003,,,,,,,2.2329853357664233,0.02863075
15009,,,,,,,1.041911475409836,
16001,,,,,,,2.8298952,0.04763716666666667
16005,,,,,,,6.258102833333333,0.04683075
16009,,,,,,,8.209795,
16013,,,,,,,5.987968,
16015,,,,,,,14.086373,
16017,,,,,,,7.2131975,
16019,,,,,,,5.062259,
16021,,,,,,,4.851809,
16023,,,,,,,0.24190332558139535,0.0517265
16027,,,,,,,8.639500807692308,
16037,,,,,,,0.4645180232558139,
16041,,,,,,,5.250311384615385,
16049,,,,,,,8.34536875,0.04222525
16055,,,,,,,5.865724,
16057,,,,,,,6.2793275,
16059,,,,,,,9.438679384615385,
16069,,,,,,,6.61106925,
16079,,,,,,,8.290593576923076,
16083,,,,,,,7.16454,
16085,,,,,,,9.591863,
17001,,,,,,,,0.045566749999999996
17019,,,,,,,3.1800484805194804,0.042893
17023,,,,,,,,0.044834
17031,,,,,,,3.7966109812834223,0.045271
17043,,,,,,,8.133337000000001,0.04361625
17049,,,,,,,,0.0441265
17065,,,,,,,7.832763444444445,0.045827
17083,,,,,,,6.235462666666667,0.04723725
17085,,,,,,,,0.04474575
17089,,,,,,,7.174078071428572,0.04560225
17097,,,,,,,,0.046172000000000005
17111,,,,,,,7.561798444444444,0.044220499999999996
17113,,,,,,,6.417472666666666,0.047851000000000005
17115,,,,,,,7.509540777777777,0.04356
17117,,,,,,,,0.043932
17119,,,,,,,4.109927625,0.04778083333333333
17143,,,,,,,7.25286511111111,0.044922500000000004
17157,,,,,,,6.338513222222223,0.04412225
17161,,,,,,,6.536981111111111,0.045117000000000004
17163,,,,,,,8.536177833333333,0.04541875
17167,,,,,,,6.956998444444444,0.0436695
17197,,,,,,,7.310425944444445,0.0434685
17201,,,,,,,7.291132777777779,0.04449925
18003,,,,,,,8.227469,0.045476
18005,,,,,,,6.618388444444444,0.04726875
18011,,,,,,,,0.0464715
18013,,,,,,,,0.04461825
18015,,,,,,,,0.04627875
18019,,,,,,,1.9411139069767442,0.047813
18035,,,,,,,7.149425647058824,0.046323
18037,,,,,,,1.7599421309523808,
18039,,,,,,,6.72866990909091,0.045359500000000004
18043,,,,,,,6.736223760000001,0.046601250000000004
18055,,,,,,,6.575709823529412,0.044282
18057,,,,,,,7.421787823529411,0.046428
18063,,,,,,,,0.0438065
18065,,,,,,,1.5607006428571428,
18067,,,,,,,6.797310166666666,0.04715025
18083,,,,,,,,0.047085749999999996
18089,,,,,,,5.066717735294118,0.0463215
18091,,,,,,,7.017244058823529,0.045809375
18095,,,,,,,6.7224332222222225,0.04617375
18097,,,,,,,5.125999245033113,0.0430235625
18105,,,,,,,6.459693235294118,
18123,,,,,,,,0.04688375
18127,,,,,,,7.127543333333334,0.04614
18129,,,,,,,,0.04548325
18141,,,,,,,7.409825919999999,0.046089333333333336
18145,,,,,,,,0.04575275
18147,,,,,,,6.46864504,
18157,,,,,,,7.066192888888889,
18163,,,,,,,2.332244255319149,0.04567825
18167,,,,,,,8.922019,0.045574
18169,,,,,,,,0.04578225
18173,,,,,,,,0.04608475
18183,,,,,,,6.762746,
19013,,,,,,,7.072968416666666,
19017,,,,,,,,0.043679749999999996
19045,,,,,,,7.084592058823529,0.04503825
19085,,,,,,,,0.04602975
19103,,,,,,,7.085058423076924,
19113,,,,,,,7.2415923529411765,0.043613
19137,,,,,,,5.981945583333334,0.04366775
19139,,,,,,,6.7079945,
19147,,,,,,,6.543557083333333,0.043656625
19153,,,,,,,6.4119709,0.04423425
19155,,,,,,,8.258249000000001,
19163,,,,,,,2.899039394495413,0.0412585
19177,,,,,,,6.7253731666666665,0.043669625000000004
19193,,,,,,,7.602479,0.0448225
20017,,,,,,,0.4060011395348837,
20057,,,,,,,6.042220333333334,
20091,,,,,,,7.616647444444443,0.04520875
20103,,,,,,,,0.04446675
20133,,,,,,,7.756724037037037,0.04638225
20173,,,,,,,10.171429,0.04821025
20177,,,,,,,8.043449296296295,0.04767425
20181,,,,,,,6.005464222222223,
20191,,,,,,,8.320761666666666,0.042881749999999996
20195,,,,,,,1.389958596153846,0.049534499999999995
20209,,,,,,,2.0710930952380955,0.04063825
21013,,,,,,,8.053391444444445,0.043702
21015,,,,,,,,0.0470575
21019,,,,,,,6.606638,0.04566425
21029,,,,,,,,0.04676325
21037,,,,,,,6.42232084,0.0452485
21043,,,,,,,5.3321819999999995,0.042397000000000004
21047,,,,,,,7.018785222222222,0.04477725
21059,,,,,,,6.982477555555556,
21061,,,,,,,0.36794329166666667,0.04474975
21067,,,,,,,6.378999777777778,0.0453115
21089,,,,,,,,0.04305175
21091,,,,,,,,0.0465255
21093,,,,,,,5.965339117647059,0.04406025
21111,,,,,,,3.8368658359375,0.045784874999999996
21113,,,,,,,,0.046789750000000005
21139,,,,,,,,0.0448225
21145,,,,,,,6.894284222222222,0.045235
21175,,,,,,,,0.04446
21185,,,,,,,,0.0470695
21193,,,,,,,6.851664888888888,0.041777
21195,,,,,,,6.0199052222222225,0.04196775
21199,,,,,,,6.598685777777778,0.04366575
21213,,,,,,,,0.046727500000000005
21227,,,,,,,6.384141555555555,0.04279925
21229,,,,,,,,0.045851375
22005,,,,,,,,0.0391065
22015,,,,,,,11.3698375,0.04144375
22017,,,,,,,9.4504925,0.042624749999999996
22019,,,,,,,8.423508647058824,0.039874124999999996
22033,,,,,,,2.781368043478261,0.040784
22047,,,,,,,8.818487,0.042120625
22051,,,,,,,8.17871888235294,0.04294
22055,,,,,,,8.5493031,0.041704
22057,,,,,,,9.682922999999999,0.03697075
22063,,,,,,,10.0111725,0.0418375
22071,,,,,,,2.554145241935484,
22073,,,,,,,7.994062764705882,0.0430525
22077,,,,,,,,0.0404945
22079,,,,,,,8.004959,
22087,,,,,,,8.493614411764707,0.04341825
22093,,,,,,,,0.037585
22095,,,,,,,,0.04116675
22099,,,,,,,,0.04235625
22103,,,,,,,7.482708499999999,0.03987275
22105,,,,,,,8.9719355,
22109,,,,,,,8.022764,
22121,,,,,,,8.884149038461539,0.0411595
23001,,,,,,,4.730423941176471,0.03626075
23003,,,,,,,2.775027258426966,0.03201975
23005,,,,,,,2.2496017536231885,0.037657875
23009,,,,,,,1.3592204166666666,0.04069225
23011,,,,,,,5.15049508,0.037379499999999996
23013,,,,,,,,0.037618
23017,,,,,,,4.585834777777778,0.0341615
23019,,,,,,,1.8952847681159422,0.038279999999999995
23023,,,,,,,,0.039504
23029,,,,,,,1.0185663846153845,0.03513
23031,,,,,,,,0.039358125
24003,,,,,,,,0.046278
24005,,,,,,,2.2120512826086958,0.047546375
24009,,,,,,,,0.04540975
24013,,,,,,,,0.04663875
24015,,,,,,,7.5436714444444455,0.04685675
24017,,,,,,,,0.04422075
24019,,,,,,,5.659495777777778,0.045328
24021,,,,,,,,0.04652175
24023,,,,,,,1.001942947368421,0.04216
24025,,,,,,,5.884059555555556,0.046180125
24027,,,,,,,5.585019909090909,
24029,,,,,,,4.526813111111111,0.04759525
24031,,,,,,,5.838746777777778,0.0454865
24033,,,,,,,1.6583465744680852,0.04423466666666667
24043,,,,,,,4.763717777777778,0.04569825
24510,,,,,,,6.681016764705881,0.04717125
25001,,,,,,,0.24187002325581394,0.0422975
25003,,,,,,,5.010146799999999,0.042653250000000004
25005,,,,,,,5.095809444444445,0.0434105
25007,,,,,,,0.2668591627906977,0.04310325
25009,,,,,,,6.329463740740741,0.039460666666666665
25011,,,,,,,6.438957222222222,0.03869
25013,,,,,,,1.798974414893617,0.042907
25015,,,,,,,4.264619888888889,0.04237025
25017,,,,,,,4.855902500000001,0.038586999999999996
25021,,,,,,,5.093853666666666,0.044166625
25023,,,,,,,5.573481777777777,0.04364475
25025,,,,,,,2.36139588317757,0.03403325
25027,,,,,,,5.397240222222223,0.040423125
26005,,,,,,,8.264270666666667,0.04683375
26017,,,,,,,7.376341444444445,
26019,,,,,,,,0.041717
26021,,,,,,,,0.04601425
26027,,,,,,,,0.04638375
26037,,,,,,,,0.0418505
26049,,,,,,,6.845380117647059,0.043187625
26063,,,,,,,,0.043008
26065,,,,,,,6.591679777777778,0.04129825
26077,,,,,,,7.519609352941177,0.0441585
26081,,,,,,,3.6809559750000003,0.042943999999999996
26083,,,,,,,0.18216100000000002,
26091,,,,,,,6.956426111111111,0.044814
26099,,,,,,,6.9244113333333335,0.04419725
26101,,,,,,,4.762628,0.0424035
26103,,,,,,,4.289810444444445,
26105,,,,,,,,0.04173175
26113,,,,,,,3.684662777777778,0.040866
26121,,,,,,,,0.044153
26125,,,,,,,7.642613444444444,0.046245499999999995
26139,,,,,,,6.693363194444445,0.044901750000000004
26147,,,,,,,6.945076444444444,0.04460925
26153,,,,,,,0.8598067307692308,0.04023175
26157,,,,,,,,0.04327425
26161,,,,,,,6.860503777777778,0.043950625
26163,,,,,,,3.89315861928934,0.04301825
26165,,,,,,,,0.0425985
27003,,,,,,,1.565771476190476,0.03902975
27005,,,,,,,6.166683444444445,0.03725625
27007,,,,,,,6.202085333333333,0.038176
27013,,,,,,,8.602283444444446,0.04251125
27017,,,,,,,5.076030111111111,0.0378165
27021,,,,,,,6.082273222222223,
27031,,,,,,,4.201904111111111,
27035,,,,,,,5.87642811111111,0.040129
27037,,,,,,,7.038929259259259,
27049,,,,,,,,0.041784
27053,,,,,,,3.512708923728814,0.035517
27075,,,,,,,0.9353258076923077,0.03787875
27083,,,,,,,6.787832333333333,0.042007749999999996
27095,,,,,,,,0.03979125
27109,,,,,,,8.160911222222223,0.0423765
27123,,,,,,,7.030219515151515,
27137,,,,,,,2.3839920714285716,0.038564875
27139,,,,,,,7.688960444444444,0.0432745
27145,,,,,,,6.653406666666667,0.04120025
27163,,,,,,,,0.038098
27169,,,,,,,0.288337511627907,
27171,,,,,,,6.757975777777777,0.04283575
28011,,,,,,,7.8892954444444445,0.043593
28033,,,,,,,8.834751666666667,0.04684775
28035,,,,,,,9.049988542857143,
28045,,,,,,,7.788717555555555,0.04360425
28047,,,,,,,7.867921666666667,0.04658325
28049,,,,,,,2.8032144946236555,0.04304625
28059,,,,,,,7.970852222222222,0.0442025
28075,,,,,,,,0.039210999999999996
28081,,,,,,,,0.044877749999999994
28161,,,,,,,,0.04241375
29003,,,,,,,,0.046612875
29019,,,,,,,,0.042807250000000005
29021,,,,,,,5.722489954545455,
29027,,,,,,,,0.043915375
29037,,,,,,,4.635219727272728,0.046720250000000005
29039,,,,,,,5.079409444444445,0.0458475
29047,,,,,,,3.8541069999999995,0.047071875000000006
29049,,,,,,,,0.045757624999999996
29077,,,,,,,6.006336599999999,0.0431565625
29095,,,,,,,6.57730305,
29097,,,,,,,,0.0483345
29099,,,,,,,0.9749978076923077,0.042353875
29113,,,,,,,,0.04685275
29137,,,,,,,,0.04147525
29157,,,,,,,,0.046002125
29183,,,,,,,,0.048531875
29186,,,,,,,,0.046037375
29189,,,,,,,5.767971999999999,0.0453955625
29207,,,,,,,0.4102575348837209,
29213,,,,,,,0.4155603703703704,
29510,,,,,,,4.797760164634147,0.039938625
30001,,,,,,,4.359877111111111,
30013,,,,,,,8.975536,
30017,,,,,,,5.335413555555555,0.044227
30021,,,,,,,4.336067666666667,
30027,,,,,,,1.1598058653846155,0.04576575
30029,,,,,,,1.5995147307692308,0.040534
30031,,,,,,,3.6693002727272725,
30035,,,,,,,5.451125555555556,
30041,,,,,,,3.8919909999999995,
30047,,,,,,,0.19157418604651164,
30049,,,,,,,2.213316142857143,0.0440515
30053,,,,,,,10.66843911111111,
30063,,,,,,,7.10800055,0.04156675
30071,,,,,,,5.061932555555556,
30077,,,,,,,0.2837403953488372,
30081,,,,,,,1.8492269807692308,
30083,,,,,,,5.889797555555556,0.045513
30085,,,,,,,0.31562051162790694,
30087,,,,,,,0.22763306976744185,
30089,,,,,,,0.46613653333333327,
30091,,,,,,,0.38900179629629633,
30093,,,,,,,2.3933843333333336,
30099,,,,,,,3.8182564444444447,
30111,,,,,,,6.657637222222222,0.047872250000000005
31055,,,,,,,2.8783949449541284,0.04017225
31067,,,,,,,6.585226294117647,
31079,,,,,,,6.6752007777777775,
31107,,,,,,,,0.044746125
31109,,,,,,,7.397318,0.04370875
31153,,,,,,,7.573811888888888,
31157,,,,,,,4.0319048888888895,
31165,,,,,,,,0.050816
31171,,,,,,,0.1829737441860465,
31177,,,,,,,7.089808333333334,
32001,,,,,,,,0.04672875
32003,,,,,,,4.412186747787611,0.05129435
32005,,,,,,,4.757192,
32007,,,,,,,0.23345223255813954,0.050555
32019,,,,,,,,0.0451945
32031,,,,,,,2.2517037477477477,0.04757596428571429
32033,,,,,,,0.1537703023255814,0.0493485
32510,,,,,,,5.2193087647058825,0.04737325
33001,,,,,,,5.288312666666666,0.037928250000000004
33005,,,,,,,5.7725341176470595,0.03861775
33007,,,,,,,0.17953467441860466,0.042530374999999995
33009,,,,,,,4.679292,0.036614125000000004
33011,,,,,,,1.1363727666666668,0.040531125
33013,,,,,,,,0.0404255
33015,,,,,,,1.9947906811594203,0.0392745
34001,,,,,,,2.254728304347826,0.039251
34003,,,,,,,6.2220104,0.0440785
34007,,,,,,,2.9172483502824855,0.0451335
34011,,,,,,,5.680791,0.0452015
34015,,,,,,,6.409474666666666,0.04788325
34017,,,,,,,6.565070085714286,0.043968999999999994
34019,,,,,,,7.163745222222222,0.04284075
34021,,,,,,,7.000176111111111,0.046519
34023,,,,,,,0.9161692450331126,0.04348375
34025,,,,,,,,0.042974
34027,,,,,,,1.2121129285714285,0.04431675
34029,,,,,,,6.432321222222223,0.04720625
34031,,,,,,,6.609573666666667,0.043098
34039,,,,,,,2.7451592549019606,
34041,,,,,,,5.747438411764707,0.0410815
35001,,,,,,,3.408275890510949,0.0499034375
35003,,,,,,,0.18334132558139535,0.0506575
35005,,,,,,,0.3450849534883721,
35013,,,,,,,8.163051611111111,0.047952
35015,,,,,,,0.39442137209302325,0.053457375
35025,,,,,,,6.402818444444445,0.0475295
35027,,,,,,,0.2187677906976744,
35028,,,,,,,0.179309,
35039,,,,,,,0.12992837209302327,0.0513395
35043,,,,,,,,0.048406000000000005
35045,,,,,,,,0.043988
35049,,,,,,,2.9833186666666665,0.04968425
35053,,,,,,,0.19019081395348839,
35055,,,,,,,0.7007215769230769,
35061,,,,,,,,0.0461595
36001,,,,,,,2.1679579405940594,0.041320499999999996
36005,,,,,,,2.7195226571428575,0.042961125
36013,,,,,,,5.543103,0.044650999999999996
36027,,,,,,,,0.043355500000000005
36029,,,,,,,3.1636309268292684,0.0438305
36031,,,,,,,0.9108113928571429,0.04262475
36041,,,,,,,,0.0391615
36045,,,,,,,,0.038806
36047,,,,,,,7.476201192307693,
36055,,,,,,,2.2193837425742573,0.0361785
36059,,,,,,,6.2481615,
36061,,,,,,,7.34379447368421,0.043333250000000004
36063,,,,,,,,0.04256675
36065,,,,,,,6.30516025,
36067,,,,,,,5.120165882352942,0.04081625
36071,,,,,,,5.934068750000001,
36075,,,,,,,,0.0378935
36079,,,,,,,,0.04215575
36081,,,,,,,2.7974617047619046,0.03879975
36085,,,,,,,6.628032714285714,0.040611999999999995
36087,,,,,,,5.60920125,0.043152499999999996
36091,,,,,,,,0.038691500000000004
36101,,,,,,,1.1481321071428572,0.038655
36103,,,,,,,5.7597788,0.0439291875
36109,,,,,,,,0.0416615
36117,,,,,,,,0.040892
36119,,,,,,,5.868994,0.043624750000000004
37003,,,,,,,,0.0451715
37011,,,,,,,0.3187451395348837,0.04304625
37021,,,,,,,6.793365153846154,0.043173500000000004
37027,,,,,,,,0.04414025
37031,,,,,,,,0.04035025
37033,,,,,,,,0.042552
37035,,,,,,,7.574297222222222,
37051,,,,,,,8.048213888888888,0.04570775
37057,,,,,,,7.763190529411766,
37063,,,,,,,9.706869222222222,0.0430945
37065,,,,,,,6.228432,0.041245
37067,,,,,,,2.7039026435643567,0.04703333333333334
37075,,,,,,,,0.048924499999999996
37077,,,,,,,,0.045657
37081,,,,,,,7.530804222222222,0.045583
37087,,,,,,,0.23481681395348836,0.047774000000000004
37095,,,,,,,0.31638683720930233,
37101,,,,,,,7.153655666666667,0.04452225
37107,,,,,,,,0.04107425
37109,,,,,,,,0.043335
37113,,,,,,,,0.03934825
37117,,,,,,,,0.03660775
37119,,,,,,,3.3557334272727273,0.04514375
37121,,,,,,,5.968709777777778,
37123,,,,,,,7.433400444444445,0.0414145
37129,,,,,,,5.868689421052632,0.041056499999999996
37131,,,,,,,6.457178444444445,
37145,,,,,,,,0.0429895
37147,,,,,,,5.751334222222222,0.0412415
37157,,,,,,,,0.04689625
37159,,,,,,,7.393620777777778,0.04478025
37173,,,,,,,5.45648948,0.039536125
37179,,,,,,,,0.04478975
37183,,,,,,,2.4146377311827956,0.040725
37199,,,,,,,,0.047946
38007,,,,,,,2.4110458428571424,0.0463725
38013,,,,,,,2.634592714285714,0.038726
38015,,,,,,,4.1521841005917155,0.03813425
38017,,,,,,,6.663503259259259,0.0420625
38025,,,,,,,6.268699,0.043511
38053,,,,,,,5.727687666666667,0.04650225
38057,,,,,,,6.305283833333333,0.03753225
38065,,,,,,,6.280305333333333,0.03924375
38101,,,,,,,6.586462407407407,0.0422135
39003,,,,,,,6.324897411764706,0.04444725
39007,,,,,,,,0.0454795
39009,,,,,,,5.247444882352942,
39013,,,,,,,6.89120805882353,
39017,,,,,,,8.634274287128713,0.04669408333333333
39023,,,,,,,7.298274117647059,0.04587475
39025,,,,,,,4.543009,0.047100500000000003
39027,,,,,,,,0.0489715
39035,,,,,,,2.391345845637584,0.04421375
39041,,,,,,,,0.045323249999999995
39049,,,,,,,7.87835185,0.045811375
39055,,,,,,,,0.0463065
39057,,,,,,,,0.046408500000000005
39061,,,,,,,4.897627466666667,0.04611941666666667
39081,,,,,,,2.299063652173913,0.046260499999999996
39083,,,,,,,,0.045124750000000005
39085,,,,,,,5.754538421052632,0.046646625
39087,,,,,,,6.561571882352942,0.044662125
39089,,,,,,,,0.044380125
39093,,,,,,,,0.043471499999999996
39095,,,,,,,8.15330268627451,0.046143916666666666
39097,,,,,,,,0.046637250000000005
39099,,,,,,,7.32624244,0.04481475
39103,,,,,,,6.795977176470588,0.04674075
39109,,,,,,,,0.04700075
39113,,,,,,,2.250971163043478,0.04931075
39121,,,,,,,0.324085511627907,0.048388749999999994
39133,,,,,,,,0.047488249999999996
39135,,,,,,,1.6146358095238094,0.03972275
39145,,,,,,,7.071589235294118,
39151,,,,,,,3.415169944954129,0.04427458333333333
39153,,,,,,,7.23017692,0.04737525
39155,,,,,,,7.63055604,0.04422575
39165,,,,,,,5.900561,0.049377000000000004
39167,,,,,,,,0.044642
39173,,,,,,,,0.045533
40001,,,,,,,2.1191284339622642,0.0416185
40017,,,,,,,,0.0492235
40019,,,,,,,8.453291777777777,0.05024875
40027,,,,,,,9.016096,0.05141725
40031,,,,,,,1.553409096153846,0.0506615
40037,,,,,,,,0.04932975
40043,,,,,,,7.267473555555556,0.04939125
40053,,,,,,,0.4264120465116279,
40067,,,,,,,,0.0470165
40069,,,,,,,,0.049593750000000006
40071,,,,,,,7.915186777777777,
40087,,,,,,,,0.051900999999999996
40097,,,,,,,,0.044931
40109,,,,,,,2.8991738000000002,0.0506275
40113,,,,,,,,0.04879325
40115,,,,,,,8.089753794117646,0.045991500000000005
40121,,,,,,,8.370622705882353,0.04668725
40123,,,,,,,6.8473095,0.046807
40135,,,,,,,8.1794359,0.03968525
40143,,,,,,,3.3782498363636364,0.046967
40147,,,,,,,8.768029333333335,0.048608
41001,,,,,,,7.663674500000001,
41005,,,,,,,0.3471054,0.04409425
41009,,,,,,,4.470613,0.033860249999999995
41013,,,,,,,6.8381206363636355,
41017,,,,,,,8.011037307692307,0.04821275
41023,,,,,,,12.9571565,
41025,,,,,,,13.39762375862069,
41029,,,,,,,6.966889411764706,0.048062
41031,,,,,,,6.6824925,
41033,,,,,,,1.5440326607142858,
41035,,,,,,,2.9877523999999998,
41037,,,,,,,7.516753909090909,
41039,,,,,,,3.7833693982300884,0.03925325
41043,,,,,,,4.971739833333333,
41047,,,,,,,5.093219666666667,0.040640833333333334
41051,,,,,,,1.3971286382978725,0.0338965
41059,,,,,,,5.821444,0.04755975
41061,,,,,,,0.5191000666666666,
41063,,,,,,,0.5347139555555556,
41065,,,,,,,5.634741999999999,
41067,,,,,,,4.187836192307692,0.0356725
42001,,,,,,,1.2601372894736844,0.046554
42003,,,,,,,3.542714713375796,0.044859583333333335
42005,,,,,,,6.536196333333333,0.045295
42007,,,,,,,7.2484016,0.043881333333333335
42011,,,,,,,7.27074464,0.04385725
42013,,,,,,,5.890947888888889,0.043996
42015,,,,,,,5.863908111111111,0.0402355
42017,,,,,,,,0.046616625
42021,,,,,,,2.206592085106383,0.04244925
42027,,,,,,,6.054596,0.044974
42029,,,,,,,1.7182107882352942,0.04481075
42041,,,,,,,7.9462752941176475,
42043,,,,,,,8.528136476190477,0.04320775
42045,,,,,,,2.3094755806451612,0.045752
42047,,,,,,,,0.041022750000000004
42049,,,,,,,6.0617515,0.043930250000000004
42051,,,,,,,6.41632,0.0486235
42055,,,,,,,,0.04260675
42059,,,,,,,5.97172488888889,0.045587
42063,,,,,,,6.066449666666667,0.042976
42069,,,,,,,6.708711611111111,0.040584
42071,,,,,,,2.6752622864864866,0.044244
42073,,,,,,,,
42075,,,,,,,1.9655997976190474,0.04340375
42077,,,,,,,6.651595666666666,0.0427285
42081,,,,,,,6.342750555555555,0.0435605
42085,,,,,,,5.972322222222222,0.04489025
42089,,,,,,,,0.043136
42091,,,,,,,6.928902777777778,0.0443825
42095,,,,,,,6.9044859999999995,0.04218625
42101,,,,,,,3.161549699029126,0.04418608333333333
42111,,,,,,,,0.045556
42115,,,,,,,5.142222222222222,
42117,,,,,,,4.940243333333333,0.042335750000000005
42125,,,,,,,2.5499654545454544,0.0464705
42129,,,,,,,1.1219149473684211,0.04200175
42131,,,,,,,5.206427000000001,
42133,,,,,,,7.387551176470588,0.044117125
44003,,,,,,,3.8736167777777784,0.040640499999999996
44007,,,,,,,2.5638479694656486,0.03790975
44009,,,,,,,4.533074666666668,0.042544375
45003,,,,,,,,0.042868
45007,,,,,,,,0.048022499999999996
45015,,,,,,,,0.04127125
45019,,,,,,,3.3988040384615386,0.04246575
45025,,,,,,,7.438513647058824,0.044948999999999996
45031,,,,,,,,0.0448395
45037,,,,,,,8.001608555555556,0.043589
45041,,,,,,,8.229643444444443,
45045,,,,,,,8.132767941176471,0.0472275
45051,,,,,,,6.9816666666666665,0.042997
45079,,,,,,,3.332773891891892,0.040153
45083,,,,,,,8.961402333333332,0.0489555
45091,,,,,,,7.6031291111111114,0.046139125
46011,,,,,,,5.706362444444444,0.036798250000000005
46013,,,,,,,5.218206777777778,
46027,,,,,,,6.515134111111111,0.04116
46029,,,,,,,7.536739999999999,0.0324265
46033,,,,,,,1.3500165192307692,0.0504275
46065,,,,,,,2.2059466666666667,
46071,,,,,,,1.48447675,0.049999
46093,,,,,,,,0.0538975
46099,,,,,,,1.7524428043478262,0.03402725
46103,,,,,,,6.907981222222222,
47001,,,,,,,,0.0451435
47009,,,,,,,1.6764535555555555,0.04484075
47025,,,,,,,,0.0435335
47037,,,,,,,8.007134194444443,0.046116875
47041,,,,,,,,0.0441445
47045,,,,,,,6.188636222222222,
47065,,,,,,,7.810765307692308,0.045902
47089,,,,,,,,0.044721750000000005
47093,,,,,,,3.3649999727272726,0.04297275
47099,,,,,,,7.189864111111111,
47105,,,,,,,5.820446388888889,0.0458975
47107,,,,,,,6.369101888888888,
47113,,,,,,,6.488996666666667,
47119,,,,,,,6.533064222222222,
47125,,,,,,,6.039563444444444,
47141,,,,,,,6.090458555555555,
47145,,,,,,,6.719448,
47155,,,,,,,,0.049682875
47157,,,,,,,4.150804296610169,0.0450195
47163,,,,,,,5.750442333333333,0.046390375
47165,,,,,,,7.662160058823529,0.047947000000000004
47187,,,,,,,,0.046124
47189,,,,,,,,0.0445665
48013,,,,,,,10.035957185185184,
48027,,,,,,,7.621962222222223,0.044680625
48029,,,,,,,9.361042872727273,0.04518958333333334
48037,,,,,,,9.365738888888888,
48039,,,,,,,1.297257105263158,0.038650625
48041,,,,,,,8.225791444444445,
48043,,,,,,,1.3848539230769232,0.047310500000000005
48061,,,,,,,15.647505111111112,0.035217
48085,,,,,,,,0.05001125
48109,,,,,,,0.34469367441860466,
48113,,,,,,,3.675250466019418,0.046145
48121,,,,,,,7.674784444444445,0.05066525
48135,,,,,,,7.296495888888889,
48139,,,,,,,,0.043895
48141,,,,,,,5.902502418439716,0.04669129166666666
48167,,,,,,,7.040406888888889,0.042922749999999996
48183,,,,,,,,0.04362225
48201,,,,,,,4.217024208588957,0.04081132352941177
48203,,,,,,,3.006205031914894,0.039566500000000004
48215,,,,,,,11.84384113888889,0.0308615
48221,,,,,,,,0.0480515
48231,,,,,,,,0.044787
48245,,,,,,,9.660859111111112,0.03837079166666667
48251,,,,,,,,0.047593
48257,,,,,,,7.5153114444444435,0.04774275
48273,,,,,,,9.387264777777778,
48303,,,,,,,4.554811111111111,
48309,,,,,,,10.9261165,0.04741975
48323,,,,,,,8.966987111111113,
48339,,,,,,,12.109623666666668,0.046599749999999995
48349,,,,,,,8.524135,0.0486425
48355,,,,,,,5.594513952702703,0.037023
48361,,,,,,,8.577645777777779,0.03684925
48367,,,,,,,,0.0443355
48373,,,,,,,,0.03708675
48375,,,,,,,2.4688145555555554,
48381,,,,,,,,0.050112250000000004
48397,,,,,,,,0.0426765
48423,,,,,,,,0.04595675
48439,,,,,,,9.464780472222223,0.04828525
48453,,,,,,,9.825786111111112,0.044350625
48469,,,,,,,,0.0395005
48479,,,,,,,9.82586962962963,0.04208325
49003,,,,,,,6.279452235294118,0.0421825
49005,,,,,,,2.4731635882352943,0.044146
49007,,,,,,,3.6886321111111107,0.04678475
49011,,,,,,,1.5190830470588237,0.0463155
49013,,,,,,,6.057741076923076,0.04678733333333334
49017,,,,,,,0.1385546046511628,
49019,,,,,,,6.989069444444445,0.04526475
49021,,,,,,,4.7721258888888896,0.0455265
49035,,,,,,,4.956313842592592,0.046432575
49037,,,,,,,0.14490462790697675,0.047337625
49045,,,,,,,6.469380235294118,0.04812675
49047,,,,,,,1.5221404666666667,0.04662903571428571
49049,,,,,,,2.613770972727273,0.046383375
49051,,,,,,,4.712171235294118,0.0404885
49053,,,,,,,0.8208269615384616,0.0475905
49055,,,,,,,0.14997767441860466,
49057,,,,,,,5.852185647058824,0.0449575
50003,,,,,,,4.5899383333333335,0.040726
50007,,,,,,,0.9887758282208589,0.039261500000000005
50021,,,,,,,6.056285235294117,0.039145
50025,,,,,,,0.1949004418604651,
51003,,,,,,,6.609695814814814,0.0431095
51013,,,,,,,6.6992685000000005,0.04496575
51033,,,,,,,,0.04056625
51036,,,,,,,5.795143555555556,0.040542499999999995
51041,,,,,,,7.049033888888889,0.041210250000000004
51059,,,,,,,6.649372666666667,0.04508675
51061,,,,,,,,0.03947775
51069,,,,,,,6.95621432,0.04203575
51071,,,,,,,,0.04628375
51085,,,,,,,,0.042855
51087,,,,,,,2.34787342,0.03968675
51107,,,,,,,6.901678222222222,0.0452225
51113,,,,,,,1.1407828928571428,0.04686425
51147,,,,,,,,0.038754250000000004
51153,,,,,,,,0.04410425
51161,,,,,,,6.077782444444445,0.04319375
51163,,,,,,,0.31398593023255816,0.04016975
51165,,,,,,,6.955392333333333,0.043327000000000004
51179,,,,,,,,0.04245425
51197,,,,,,,,0.04479975
51520,,,,,,,6.313559,
51650,,,,,,,6.618056999999999,0.0436025
51680,,,,,,,5.594915,
51710,,,,,,,6.463322444444445,
51760,,,,,,,6.798215117647059,
51775,,,,,,,6.252941,
51800,,,,,,,,0.039622875
51810,,,,,,,6.871214888888889,
53001,,,,,,,4.157970499999999,
53003,,,,,,,9.255053,
53005,,,,,,,5.02310225,0.04609775
53007,,,,,,,5.194650333333333,
53009,,,,,,,0.34417325,0.03387675
53011,,,,,,,4.3714272727272725,0.039441000000000004
53013,,,,,,,3.834593,0.04484225
53015,,,,,,,4.5537205,
53021,,,,,,,4.5689165,
53023,,,,,,,4.332784,
53025,,,,,,,4.557261,
53027,,,,,,,3.676023,
53031,,,,,,,4.224201,
53033,,,,,,,2.2389357209302325,0.0354349375
53035,,,,,,,3.933428555555556,
53037,,,,,,,1.057065185185185,
53039,,,,,,,0.25916558139534884,
53041,,,,,,,0.29167604444444445,
53045,,,,,,,4.2891135,
53047,,,,,,,2.254712656716418,
53049,,,,,,,3.002172,
53053,,,,,,,1.606381787671233,0.042376
53057,,,,,,,4.091340090909091,0.028915
53061,,,,,,,5.252220448275862,
53063,,,,,,,5.7520496923076925,0.046018875
53065,,,,,,,6.520115923076923,
53067,,,,,,,2.7279773333333335,0.0342525
53071,,,,,,,5.2474215,
53073,,,,,,,1.1072888076923078,0.034969
53075,,,,,,,4.205436,
53077,,,,,,,1.760045573964497,
54003,,,,,,,7.500862,0.0446265
54009,,,,,,,6.793112424242424,
54011,,,,,,,6.68630944,0.04572875
54025,,,,,,,,0.043146000000000004
54029,,,,,,,6.434432411764706,0.046402250000000006
54033,,,,,,,6.346018,
54039,,,,,,,2.1699133804347825,0.037658
54049,,,,,,,6.336937,
54051,,,,,,,2.8296562352941175,
54061,,,,,,,6.196522,0.046757999999999994
54069,,,,,,,6.724167,0.0445335
54093,,,,,,,0.24233427906976743,0.044641
54107,,,,,,,6.5153165,0.046322749999999996
55003,,,,,,,4.702507555555556,0.03528625
55009,,,,,,,0.9858001842105264,0.041388999999999995
55021,,,,,,,,0.043263750000000004
55025,,,,,,,1.9575375376344086,0.044621
55027,,,,,,,1.278859011904762,0.038427
55029,,,,,,,,0.0419205
55035,,,,,,,6.453318222222222,0.0406495
55039,,,,,,,,0.042382500000000004
55041,,,,,,,1.1001494615384617,0.0379075
55043,,,,,,,7.3512772222222225,
55053,,,,,,,5.686695333333333,
55055,,,,,,,,0.04387475
55059,,,,,,,5.9776942222222225,0.0468385
55061,,,,,,,,0.043737
55063,,,,,,,,0.04140175
55071,,,,,,,,0.04407975
55073,,,,,,,5.498357555555556,0.0418365
55079,,,,,,,2.2296933578947367,0.04395866666666667
55081,,,,,,,4.718660705882352,
55087,,,,,,,6.110943611111111,0.041624999999999995
55089,,,,,,,4.238641727272727,0.046085
55101,,,,,,,,0.04794325
55105,,,,,,,,0.04600025
55111,,,,,,,5.606041888888888,0.041663
55117,,,,,,,,0.044796625
55119,,,,,,,,0.040781
55125,,,,,,,,0.0400975
55127,,,,,,,,0.04650325
55133,,,,,,,6.734369411764706,0.0470565
56001,,,,,,,2.4247254705882355,0.0543795
56003,,,,,,,4.600409,0.045055
56005,,,,,,,5.100106272727273,0.04740725
56009,,,,,,,,0.0474405
56013,,,,,,,3.5653453333333336,0.051192625
56019,,,,,,,,0.0460325
56021,,,,,,,1.7429639090909093,0.04776775
56023,,,,,,,2.788091,0.048130000000000006
56025,,,,,,,3.9367717777777775,0.048497125
56029,,,,,,,0.7260261346153847,
56033,,,,,,,7.6874311111111115,0.0475265
56035,,,,,,,0.5101115789473684,0.0509889375
56037,,,,,,,4.076951055555556,0.05288658333333333
56039,,,,,,,1.0877791639344263,0.048715125
56043,,,,,,,2.6387886666666667,
56045,,,,,,,3.6696995,0.0465295
72021,,,,,,,6.54686005882353,0.016638
72025,,,,,,,6.557944,
72033,,,,,,,17.0471285,
72053,,,,,,,6.653465,
72061,,,,,,,7.360080999999999,
72097,,,,,,,1.363365,0.01607925
72113,,,,,,,6.725234,
78020,,,,,,,0.3093726511627907,
80026,,,,,,,12.956720444444445,0.0430465
