county_fips,eji_score
01001,0.3582764705882353
01003,0.3593860465116279
01005,0.7434777777777778
01007,0.691575
01009,0.565175
01011,0.717475
01013,0.6921222222222222
01015,-78.26771578947368
01017,0.7318333333333333
01019,0.6208625
01021,0.6168
01023,0.7152999999999999
01025,0.7479777777777777
01027,0.669225
01029,0.62965
01031,0.52550625
01033,0.6794399999999999
01035,0.68728
01037,0.5749
01039,0.6387
01041,0.6892833333333334
01043,0.5560363636363636
01045,0.6801928571428572
01047,0.7046058823529412
01049,0.6384809523809525
01051,0.389745
01053,0.81861
01055,0.7229363636363636
01057,0.7817000000000001
01059,0.6661
01061,0.6889666666666666
01063,0.801575
01065,0.6306857142857142
01067,0.7032333333333334
01069,0.623026923076923
01071,0.73126875
01073,0.6305619047619048
01075,0.73865
01077,0.527523076923077
01079,0.5691363636363637
01081,0.37302083333333336
01083,0.45086956521739135
01085,0.7550749999999999
01087,0.6863416666666667
01089,0.33705684210526315
01091,0.668025
01093,0.6932727272727273
01095,0.5508
01097,-14.196173333333334
01099,0.7245
01101,0.5675732394366197
01103,0.5249709677419355
01105,0.6792750000000001
01107,0.6534166666666666
01109,0.5831727272727273
01111,0.6206
01113,0.7019333333333333
01115,0.4410083333333333
01117,-36.01981818181818
01119,0.72008
01121,0.7588541666666666
01123,0.7045499999999999
01125,0.5184305084745763
01127,0.806125
01129,0.7021
01131,0.7397
01133,0.6739125
02013,-999.0
02016,-999.0
02020,-999.0
02050,-999.0
02060,-999.0
02063,-999.0
02066,-999.0
02068,-999.0
02070,-999.0
02090,-999.0
02100,-999.0
02105,-999.0
02110,-999.0
02122,-999.0
02130,-999.0
02150,-999.0
02158,-999.0
02164,-999.0
02170,-999.0
02180,-999.0
02185,-999.0
02188,-999.0
02195,-999.0
02198,-999.0
02220,-999.0
02230,-999.0
02240,-999.0
02275,-999.0
02282,-999.0
02290,-999.0
04001,0.7267555555555556
04003,0.5033184210526316
04005,-76.50788717948718
04007,0.6508125
04009,0.4231111111111111
04011,0.44813333333333333
04012,-82.729475
04013,-17.40925550049554
04015,0.5405560606060605
04017,0.6146675675675676
04019,-21.801909259259258
04021,-10.045594736842105
04023,0.5929142857142857
04025,0.4350152777777778
04027,-44.20143134328358
05001,0.665
05003,0.8395857142857144
05005,0.64178
05007,0.35577543859649124
05009,0.6877285714285714
05011,0.78368
05013,0.9056
05015,0.597575
05017,0.847625
05019,0.75045
05021,0.7406333333333334
05023,0.5855222222222223
05025,0.6497999999999999
05027,0.7920285714285714
05029,0.8094
05031,0.5399
05033,0.6647133333333334
05035,0.779125
05037,0.7650333333333333
05039,0.7351
05041,0.8525
05043,0.66934
05045,0.4669214285714286
05047,0.80268
05049,0.753875
05051,0.65595
05053,0.4929
05055,0.728725
05057,0.8463999999999999
05059,0.7367222222222222
05061,0.9376333333333333
05063,0.7583599999999999
05065,0.7662249999999999
05067,0.7815333333333333
05069,-40.86315
05071,0.8600833333333333
05073,0.9099333333333334
05075,0.7600333333333333
05077,0.80375
05079,0.7390749999999999
05081,0.7523833333333334
05083,0.76835
05085,0.5877388888888889
05087,0.68615
05089,0.68008
05091,0.8322642857142857
05093,0.7865428571428571
05095,0.8803666666666666
05097,0.7187666666666667
05099,0.8478333333333333
05101,0.5568500000000001
05103,0.85555
05105,0.791
05107,0.863642857142857
05109,0.6594
05111,0.765875
05113,0.8859571428571428
05115,0.6605176470588235
05117,0.7759
05119,-8.720531775700934
05121,0.7762800000000001
05123,0.8649428571428571
05125,0.36755333333333334
05127,0.8466666666666667
05129,0.7501000000000001
05131,0.7531645161290322
05133,0.881775
05135,0.6867833333333334
05137,0.760025
05139,0.8610833333333333
05141,0.7072333333333334
05143,0.4400351851851852
05145,0.6534263157894737
05147,0.9066000000000001
05149,0.8297833333333333
06001,-2.246134391534391
06003,0.6169
06005,0.65891
06007,0.7000333333333333
06009,0.52315
06011,0.7855500000000001
06013,-3.7994012448132777
06015,0.5969625
06017,-17.798854545454546
06019,0.7055777777777777
06021,0.7843
06023,0.6173
06025,0.76901
06027,0.5363
06029,-16.27010593220339
06031,-63.78960322580645
06033,0.6629095238095237
06035,0.6204111111111111
06037,-10.564938156312625
06039,0.7375941176470588
06041,-15.877996774193548
06043,0.62485
06045,0.6813956521739131
06047,0.7980698412698413
06049,0.819875
06051,0.4223
06053,-28.654388349514562
06055,0.405425
06057,0.5147961538461538
06059,-1.126584339314845
06061,-10.474697826086956
06063,0.5792571428571429
06065,-3.3263332046332046
06067,0.6024471074380165
06069,0.35785
06071,-7.9498939914163085
06073,-6.356144293478261
06075,-12.019321487603305
06077,-5.079216091954023
06079,-28.622356521739132
06081,-5.464040462427746
06083,-18.00669537037037
06085,0.3855411764705883
06087,0.3976695652173913
06089,0.686898
06091,0.7571
06093,0.76859375
06095,-19.576431
06097,0.37481157024793393
06099,0.7143357142857143
06101,0.7285761904761905
06103,0.8385785714285714
06105,0.750175
06107,-8.908252427184467
06109,-54.91825
06111,-4.816362433862434
06113,0.4732490566037736
06115,0.7039210526315789
08001,-8.805988785046729
08003,0.429
08005,0.3352360248447205
08007,0.31624
08009,0.7404
08011,0.8337000000000001
08013,0.31648461538461536
08014,-124.64105416666666
08015,0.3619333333333334
08017,0.544
08019,0.303975
08021,0.54545
08023,0.66045
08025,0.4789
08027,0.34945
08029,0.5416666666666666
08031,-10.775279213483147
08033,0.3831
08035,0.07496944444444445
08037,0.0797875
08039,0.1743142857142857
08041,0.3357784431137724
08043,-199.35164
08045,0.30195833333333333
08047,0.17835
08049,0.19905000000000003
08051,0.12401666666666666
08053,0.1463
08055,0.6975333333333333
08057,0.7676
08059,-27.064889726027396
08061,0.7382
08063,0.58985
08065,0.2154666666666667
08067,0.28023333333333333
08069,0.3377046511627907
08071,0.5748166666666666
08073,0.581
08075,0.5700285714285714
08077,0.47291818181818185
08079,0.1935
08081,0.679025
08083,0.47445
08085,0.49091666666666667
08087,0.6271875
08089,0.7325142857142858
08091,0.12255
08093,0.07748333333333333
08095,0.62435
08097,0.09805000000000001
08099,0.6493800000000001
08101,-33.90215517241379
08103,0.6473
08105,0.414675
08107,0.20789
08109,0.567
08111,0.3806
08113,0.13525
08115,0.785
08117,0.0598
08119,0.169625
08121,0.52325
08123,-11.526451807228916
08125,0.5728
09110,-19.55809076305221
09120,0.5831897435897435
09130,0.35938636363636367
09140,0.5199785714285714
09150,0.43431153846153847
09160,0.33642702702702704
09170,0.576334074074074
09180,-14.429813432835822
09190,0.4054344827586207
10001,-23.804321951219514
10003,-6.463857638888888
10005,-13.13011891891892
11001,-9.26575145631068
12001,0.4430413793103448
12003,0.4336
12005,0.46771020408163266
12007,0.7159333333333334
12009,-19.968585714285712
12011,-1.9958262019230768
12013,0.73905
12015,0.42994130434782607
12017,0.5269268292682927
12019,0.34347333333333335
12021,0.31221296296296297
12023,0.6831461538461538
12027,0.7770555555555556
12029,0.66348
12031,0.5191871559633028
12033,0.5511320512820513
12035,0.48374782608695654
12037,0.6686
12039,0.8544700000000001
12041,0.49006
12043,-199.21562
12045,0.56528
12047,0.7649333333333334
12049,0.712625
12051,-99.23810999999999
12053,0.4903304347826087
12055,-56.50133142857143
12057,-20.52226036036036
12059,0.5984999999999999
12061,-22.217238636363636
12063,0.6945076923076924
12065,0.70414
12067,0.7079666666666666
12069,0.4812133333333333
12071,-4.163788288288289
12073,-12.243949367088609
12075,0.57965
12077,-249.26125
12079,0.7721
12081,0.4469204301075269
12083,-20.97811182795699
12085,-23.289088095238096
12086,-12.2559940509915
12087,-35.34455714285714
12089,0.3595130434782609
12091,-20.492710416666664
12093,-82.610275
12095,-7.039192509363295
12097,0.4721627118644068
12099,-23.804304838709676
12101,0.5141207692307692
12103,0.475241391941392
12105,-5.077833333333333
12107,-58.00502352941176
12109,-19.743436
12111,-14.45725223880597
12113,0.29446388888888886
12115,0.3109877049180328
12117,0.40028651685393263
12119,-70.92468214285714
12121,0.7088727272727273
12123,0.7193142857142857
12125,0.5413250000000001
12127,0.5025496124031008
12129,0.3176125
12131,0.368705
12133,0.6704285714285714
13001,0.7124428571428572
13003,0.7792333333333333
13005,0.6666333333333333
13007,0.7575000000000001
13009,0.63305
13011,0.3563
13013,0.40418333333333334
13015,0.43445
13017,0.7254
13019,0.7756
13021,0.7076395833333334
13023,0.57865
13025,0.5586599999999999
13027,0.7386499999999999
13029,-110.73932222222221
13031,0.40303000000000005
13033,0.6206571428571428
13035,0.42060000000000003
13037,0.7249000000000001
13039,0.37520000000000003
13043,0.6848333333333333
13045,0.48334285714285713
13047,0.32360666666666665
13049,0.6023333333333333
13051,-11.016089655172413
13053,-199.46908000000002
13055,0.6807888888888889
13057,0.17639107142857144
13059,0.5033029411764707
13061,0.6778
13063,-13.60924
13065,0.87395
13067,0.2909983870967742
13069,0.665825
13071,0.70382
13073,0.327256
13075,0.8182600000000001
13077,0.33841481481481483
13079,0.5761999999999999
13081,0.8642666666666666
13083,0.36978
13085,0.17438571428571428
13087,0.739175
13089,-9.368475862068966
13091,0.6605571428571428
13093,0.7103666666666667
13095,0.8076689655172413
13097,0.38601612903225807
13099,0.76102
13101,0.43295
13103,0.2400125
13105,0.7522666666666668
13107,0.7223333333333334
13109,0.8439333333333333
13111,0.51654
13113,0.24221249999999997
13115,0.61275
13117,0.09798333333333333
13119,0.5833875000000001
13121,-8.771486544342508
13123,0.5646625000000001
13125,0.6715
13127,0.47136
13129,0.5659466666666667
13131,0.642725
13133,0.5933875
13135,0.31877227272727277
13137,0.5485454545454546
13139,0.47512
13141,0.7552
13143,0.44705
13145,0.2930428571428571
13147,0.49722
13149,0.4845333333333333
13151,0.32705254237288134
13153,0.4621447368421052
13155,0.6213666666666667
13157,0.3020294117647059
13159,0.4911
13161,0.7970200000000001
13163,0.8428
13165,0.78965
13167,0.675225
13169,0.4894333333333333
13171,0.459225
13173,0.5926
13175,0.6681357142857143
13177,0.2127
13179,0.5020882352941177
13181,0.6311
13183,-199.39198
13185,0.5551310344827587
13187,0.32635000000000003
13189,0.7212166666666667
13191,-142.2241
13193,0.8616
13195,0.5384571428571429
13197,0.7142999999999999
13199,0.6976857142857142
13201,0.7254666666666667
13205,0.8235285714285715
13207,0.46132
13209,0.5249333333333334
13211,0.4144333333333334
13213,0.48108000000000006
13215,-16.276601694915254
13217,0.5285545454545454
13219,0.14065454545454548
13221,0.3777166666666667
13223,0.14115757575757576
13225,0.686525
13227,0.44784444444444443
13229,0.5030166666666667
13231,0.18524000000000002
13233,0.7499
13235,0.62025
13237,0.5485625
13239,0.8127
13241,0.381425
13243,0.811
13245,0.7357214285714286
13247,0.5544875
13249,0.38995
13251,0.7122666666666667
13253,0.7748333333333334
13255,0.6758235294117647
13257,0.6411
13259,0.5998
13261,0.7647875
13263,0.6379666666666667
13265,0.6278
13267,0.6134285714285715
13269,0.754325
13271,0.6989
13273,0.771875
13275,0.6430857142857143
13277,0.63935
13279,0.6386666666666667
13281,0.43689999999999996
13283,0.86695
13285,0.5682444444444444
13287,0.8593999999999999
13289,0.7597333333333333
13291,0.423225
13293,0.6226125
13295,0.5739944444444444
13297,0.36876
13299,0.77552
13301,0.7968999999999999
13303,0.7434
13305,0.7758285714285714
13307,0.7758
13309,0.79715
13311,0.3831777777777778
13313,0.5442772727272728
13315,0.655
13317,0.798625
13319,0.7404000000000001
13321,0.6807666666666666
15001,-999.0
15003,-999.0
15005,-999.0
15007,-999.0
15009,-999.0
16001,0.18593100775193797
16003,0.48210000000000003
16005,0.5518041666666667
16007,0.55205
16009,0.92995
16011,0.54894
16013,0.2207875
16015,0.3266
16017,0.5017125
16019,0.38361666666666666
16021,0.76175
16023,0.8886
16025,0.4495
16027,0.4255907407407407
16029,0.5871
16031,0.49865
16033,0.7806
16035,0.7183999999999999
16037,0.4863
16039,0.5561857142857143
16041,0.2691
16043,0.413725
16045,0.5012749999999999
16047,0.58035
16049,0.5768333333333333
16051,0.21209999999999998
16053,0.6015166666666666
16055,0.45114102564102565
16057,0.29706666666666665
16059,0.5607666666666667
16061,0.6236333333333334
16063,0.4558
16065,0.3417545454545455
16067,0.5592
16069,0.59934
16071,0.3502
16073,0.6795666666666667
16075,0.6833400000000001
16077,0.85085
16079,0.8583333333333334
16081,0.10895714285714285
16083,0.5480882352941175
16085,0.42095
16087,0.7568
17001,0.4025263157894737
17003,0.805725
17005,0.5563
17007,0.46886
17009,0.29569999999999996
17011,0.58969
17013,0.3769
17015,0.46588333333333337
17017,0.33552
17019,0.3384041666666667
17021,0.62504
17023,0.42667499999999997
17025,0.679025
17027,0.2758111111111111
17029,0.49586153846153846
17031,-1.679636513899324
17033,0.4523
17035,0.4262333333333334
17037,0.3469826086956522
17039,0.43807999999999997
17041,0.4527
17043,0.3207625570776256
17045,0.57736
17047,0.5033333333333333
17049,0.35905
17051,0.5461428571428572
17053,0.54904
17055,0.69525
17057,0.5374916666666667
17059,0.6135999999999999
17061,0.54966
17063,0.30447
17065,0.6595
17067,0.4170428571428571
17069,0.45735000000000003
17071,0.488
17073,0.43991428571428576
17075,0.5734777777777778
17077,0.558
17079,0.37753333333333333
17081,0.6301909090909091
17083,0.2763333333333334
17085,0.4308428571428572
17087,0.554325
17089,0.39154423076923073
17091,0.56029
17093,0.1055
17095,0.6566875
17097,-12.214066037735849
17099,0.5618321428571429
17101,0.682
17103,0.5140777777777779
17105,0.5341
17107,0.517025
17109,0.5131090909090908
17111,0.19450625
17113,0.24579148936170214
17115,0.615472972972973
17117,0.4426538461538462
17119,0.4693428571428571
17121,0.7125
17123,0.5808
17125,0.4942666666666667
17127,0.807175
17129,0.2176
17131,0.3922
17133,0.15972857142857144
17135,0.5697625
17137,0.55297
17139,0.546075
17141,0.42312307692307694
17143,0.5390795918367347
17145,0.6582333333333333
17147,0.32935
17149,0.57926
17151,0.5919
17153,0.8039000000000001
17155,0.37829999999999997
17157,0.6055900000000001
17159,0.58706
17161,0.6339441860465116
17163,0.4980338235294118
17165,0.6415222222222222
17167,0.3841055555555556
17169,0.5378333333333334
17171,0.2617
17173,0.4117
17175,0.6197
17177,0.5162538461538462
17179,0.3054233333333333
17181,0.65644
17183,0.6125416666666667
17185,0.6123000000000001
17187,0.5932999999999999
17189,0.424775
17191,0.6333599999999999
17193,0.68304
17195,0.5247789473684211
17197,-5.504567441860465
17199,0.5414944444444445
17201,-11.91805375
17203,0.2492222222222222
18001,0.6299714285714285
18003,0.4632791666666667
18005,0.4580375
18007,0.6853666666666666
18009,0.7908999999999999
18011,0.2982090909090909
18013,0.30654
18015,0.5529571428571428
18017,0.7493636363636363
18019,0.5260185185185186
18021,0.5227333333333334
18023,0.6755125
18025,0.6976
18027,0.6577625
18029,0.3747615384615385
18031,0.5000833333333333
18033,0.6007555555555555
18035,0.7454529411764707
18037,0.49099999999999994
18039,0.6914111111111111
18041,0.8366999999999999
18043,0.440605
18045,0.59106
18047,0.46384
18049,0.71625
18051,0.5804625
18053,0.75605625
18055,0.7520111111111112
18057,0.18696315789473686
18059,0.38333999999999996
18061,0.47644444444444445
18063,0.3115258064516129
18065,0.7886384615384615
18067,0.6705285714285714
18069,0.6624222222222222
18071,0.6398727272727273
18073,0.4144625
18075,0.8574
18077,0.5779142857142857
18079,0.593
18081,0.3755821428571428
18083,0.7338
18085,0.47620476190476185
18087,0.5296888888888889
18089,0.6291473282442748
18091,0.6992466666666667
18093,0.5604076923076924
18095,-24.881856410256407
18097,-3.318024901185771
18099,0.6888583333333332
18101,0.5536666666666666
18103,0.72242
18105,0.4319181818181818
18107,0.5423222222222223
18109,0.5009235294117648
18111,0.769475
18113,0.52796
18115,0.33804999999999996
18117,0.6406666666666666
18119,0.7591833333333332
18121,0.7159599999999999
18123,0.59336
18125,0.615475
18127,-47.216140476190475
18129,0.41740000000000005
18131,0.75725
18133,0.46582222222222225
18135,0.8285
18137,0.4688714285714286
18139,0.8044
18141,0.5949012195121951
18143,0.71272
18145,0.68638
18147,0.48911666666666664
18149,0.7062285714285714
18151,0.48982222222222227
18153,0.6219875
18155,0.6850333333333333
18157,-22.772767441860466
18159,0.6008
18161,0.6347
18163,-67.15580508474577
18165,0.6375400000000001
18167,0.690053125
18169,0.647575
18171,0.41819999999999996
18173,0.2412125
18175,0.5022428571428571
18177,0.7535888888888889
18179,0.5129285714285714
18181,0.5380111111111111
18183,0.403525
19001,0.47800000000000004
19003,0.51325
19005,0.30846
19007,0.71366
19009,0.4139333333333333
19011,0.24534285714285714
19013,0.4467564102564103
19015,0.30537142857142857
19017,0.2053625
19019,0.27743333333333337
19021,0.4032166666666667
19023,0.41126000000000007
19025,0.424725
19027,0.3393333333333333
19029,0.6263
19031,0.21147999999999997
19033,0.46121666666666666
19035,0.46622
19037,0.399125
19039,0.6166333333333333
19041,0.36922
19043,0.5587333333333333
19045,0.47855000000000003
19047,0.46525
19049,0.1509263157894737
19051,0.478
19053,0.4573
19055,0.349325
19057,0.5604545454545454
19059,0.26626666666666665
19061,0.31944814814814815
19063,0.48325
19065,0.4876714285714286
19067,0.47481999999999996
19069,0.5226333333333334
19071,0.3647666666666667
19073,0.533775
19075,0.20315
19077,0.3691333333333333
19079,0.43892
19081,0.41385
19083,0.5337999999999999
19085,0.36116000000000004
19087,0.37004000000000004
19089,0.43133333333333335
19091,0.5282250000000001
19093,0.5226666666666667
19095,0.276375
19097,0.43378333333333335
19099,-99.54756
19101,0.7071799999999999
19103,0.30067499999999997
19105,0.2803857142857143
19107,0.417825
19109,0.4880166666666667
19111,0.5541454545454546
19113,0.29529444444444447
19115,0.4106666666666667
19117,0.6189
19119,0.29936666666666667
19121,0.137325
19123,0.4566142857142857
19125,0.24496
19127,0.3744818181818182
19129,0.29106
19131,0.4763
19133,0.440325
19135,0.44273333333333326
19137,0.606725
19139,0.44161
19141,0.4851
19143,0.44889999999999997
19145,0.5328666666666667
19147,0.373025
19149,0.39703333333333335
19151,0.5858333333333333
19153,-8.56760892857143
19155,0.4896933333333333
19157,0.48995999999999995
19159,0.45994999999999997
19161,0.326025
19163,0.4182333333333333
19165,0.351025
19167,0.29448888888888886
19169,-36.760925925925925
19171,0.5780500000000001
19173,0.5055333333333333
19175,0.45152499999999995
19177,0.7090000000000001
19179,0.6937090909090909
19181,0.13378571428571429
19183,0.3803833333333333
19185,0.44956666666666667
19187,0.46310769230769233
19189,0.36123333333333335
19191,0.23752
19193,-33.9904
19195,0.3760333333333333
19197,0.476
20001,0.61188
20003,0.78125
20005,0.60518
20007,0.6803
20009,0.5924875
20011,0.6199
20013,0.7777333333333333
20015,0.31516315789473687
20017,0.7478
20019,0.6391
20021,0.7905666666666668
20023,0.7453
20025,0.5165
20027,0.6776
20029,0.602875
20031,0.6596666666666667
20033,0.4298
20035,0.6974090909090909
20037,0.5524333333333333
20039,0.652
20041,0.5126166666666666
20043,0.40840000000000004
20045,0.3762111111111111
20047,0.7259
20049,0.7318
20051,0.3056875
20053,0.47350000000000003
20055,0.5696333333333333
20057,0.4812222222222223
20059,0.4589833333333333
20061,0.5519727272727273
20063,0.54
20065,0.5709
20067,0.3701
20069,0.4433
20071,0.4479
20073,0.7053333333333334
20075,0.4148
20077,0.7654666666666666
20079,0.5713
20081,0.41
20083,0.4452
20085,0.4519333333333333
20087,0.3515
20089,0.6229
20091,-25.73346038961039
20093,0.8058
20095,0.6234666666666667
20097,0.5401
20099,0.6833625
20101,0.6056
20103,0.28701052631578944
20105,0.6348
20107,0.6421
20109,0.565
20111,-82.68199166666666
20113,0.48308571428571423
20115,0.626525
20117,0.5837749999999999
20119,0.42969999999999997
20121,0.25185
20123,0.54695
20125,0.8688083333333334
20127,0.5938
20129,0.6309
20131,0.43673333333333336
20133,0.68472
20135,0.5563
20137,0.3779
20139,0.5617
20141,0.5859
20143,0.3601
20145,0.4072
20147,0.6101
20149,0.29612
20151,0.42969999999999997
20153,0.6399
20155,0.5421058823529412
20157,0.5009666666666667
20159,0.4313
20161,-58.351029411764706
20163,0.2979
20165,0.7245
20167,0.7001
20169,0.4425461538461538
20171,0.7842
20173,0.49922074074074074
20175,0.5878
20177,0.5820369565217391
20179,0.3894
20181,0.53495
20183,0.5481499999999999
20185,0.63575
20187,0.4897
20189,0.59685
20191,0.6837833333333334
20193,0.37670000000000003
20195,0.4598
20197,0.53025
20199,0.6826
20201,0.5601
20203,0.6673
20205,0.783975
20207,0.6890499999999999
20209,-93.0145703125
21001,0.6070857142857143
21003,0.58105
21005,0.3687833333333333
21007,0.6702333333333333
21009,0.6054307692307692
21011,0.65845
21013,0.8461888888888889
21015,0.31304
21017,0.7037625
21019,0.7167466666666668
21021,0.5680714285714286
21023,0.49770000000000003
21025,0.7270714285714286
21027,0.59685
21029,-45.05433636363636
21031,0.54415
21033,0.63505
21035,0.6041909090909091
21037,0.451096
21039,0.5930666666666666
21041,0.8693333333333334
21043,0.617975
21045,0.7380166666666667
21047,-94.48340952380953
21049,0.48749000000000003
21051,0.6644375
21053,0.746025
21055,0.6455
21057,0.61555
21059,0.5572125
21061,-199.37151999999998
21063,0.6332
21065,0.6497333333333334
21067,0.4061804878048781
21069,0.692625
21071,0.8177642857142857
21073,0.44671500000000003
21075,0.8981
21077,0.7148333333333333
21079,0.49363333333333337
21081,0.36378571428571427
21083,0.6873699999999999
21085,0.5828555555555556
21087,0.702075
21089,0.7192777777777778
21091,0.6413666666666666
21093,-35.203525
21095,0.7405727272727273
21097,0.49222
21099,0.6463333333333333
21101,0.7377357142857143
21103,0.6917
21105,0.7492
21107,0.7104384615384615
21109,0.5768000000000001
21111,-4.077693055555556
21113,0.3800454545454546
21115,0.7610571428571429
21117,0.4375204545454546
21119,0.7463
21121,0.7459545454545455
21123,0.5167200000000001
21125,0.62211875
21127,0.7102833333333334
21129,0.7583333333333333
21131,0.68675
21133,0.73846
21135,0.69145
21137,0.6341428571428571
21139,0.7747
21141,0.74085
21143,-249.4138
21145,0.6580105263157895
21147,0.7071999999999999
21149,0.6151666666666666
21151,0.3644741935483871
21153,0.70502
21155,0.5711499999999999
21157,0.48495
21159,0.7905
21161,0.5888
21163,-110.70081111111112
21165,0.7042999999999999
21167,0.43354
21169,0.5533666666666667
21171,0.56235
21173,0.5829714285714286
21175,0.59038
21177,0.6227699999999999
21179,0.32327272727272727
21181,0.6406499999999999
21183,0.69125
21185,0.09455333333333332
21187,0.52415
21189,0.70245
21191,0.584025
21193,0.74036
21195,0.7654
21197,0.589075
21199,0.6994142857142857
21201,0.655
21203,0.6499
21205,0.37525000000000003
21207,0.72384
21209,0.2906105263157895
21211,0.3304
21213,0.5816600000000001
21215,0.11395
21217,0.42817142857142854
21219,0.688425
21221,-284.94345714285714
21223,0.62705
21225,0.6479250000000001
21227,0.5003185185185185
21229,0.487375
21231,0.6759555555555555
21233,0.6753
21235,0.7123666666666667
21237,0.75345
21239,0.271075
22001,0.5842857142857143
22003,0.6184000000000001
22005,0.3625586206896552
22007,0.6758857142857142
22009,0.7503583333333333
22011,0.5542222222222222
22013,0.83564
22015,0.5999242424242424
22017,-12.722222972972972
22019,-35.06630535714286
22021,0.8382999999999999
22023,0.412125
22025,0.7320666666666668
22027,0.7887333333333334
22029,0.7349833333333334
22031,0.7344777777777778
22033,-8.70337962962963
22035,0.754
22037,0.5348599999999999
22039,0.6881636363636363
22041,0.7278166666666667
22043,0.6678
22045,0.6908363636363636
22047,0.8086888888888889
22049,0.75446
22051,-15.167375590551181
22053,0.7099624999999999
22055,0.4304793103448276
22057,0.5731846153846154
22059,0.6144666666666666
22061,0.616125
22063,0.3795323529411765
22065,0.8754
22067,0.8566625
22069,0.7924727272727273
22071,-26.568091304347828
22073,-20.592468085106383
22075,0.6033666666666666
22077,0.7235857142857143
22079,-24.951528205128206
22081,0.8469
22083,0.7414999999999999
22085,0.8169111111111111
22087,0.774964705882353
22089,0.559923076923077
22091,0.7632666666666666
22093,0.5905857142857143
22095,0.7527090909090909
22097,0.7946642857142857
22099,0.586564705882353
22101,0.800425
22103,-16.53130677966102
22105,0.6622774193548387
22107,0.8342
22109,0.5933323529411765
22111,0.7638166666666667
22113,0.5578125
22115,0.45355
22117,0.7842307692307693
22119,0.8522076923076922
22121,0.6424
22123,0.7634333333333334
22125,-142.39724285714286
22127,0.78942
23001,0.528384375
23003,0.6688083333333333
23005,0.29724875
23007,0.45538
23009,0.34852941176470587
23011,0.41276111111111113
23013,0.31814166666666666
23015,0.33973333333333333
23017,0.5103421052631579
23019,0.5359999999999999
23021,0.5604374999999999
23023,0.38065
23025,0.534655
23027,0.397725
23029,-70.79181428571428
23031,0.28700172413793107
24001,0.7150636363636363
24003,-15.162893023255815
24005,-8.63047716894977
24009,0.13262222222222222
24011,0.6189555555555555
24013,0.18687027027027028
24015,0.5409809523809523
24017,-28.305488571428572
24019,0.7621222222222221
24021,0.21381076923076925
24023,0.48438888888888887
24025,0.3142033898305085
24027,0.21196610169491525
24029,0.70896
24031,0.259435775862069
24033,0.5061985981308411
24035,0.3356272727272727
24037,0.23805909090909091
24039,0.6418499999999999
24041,0.37869
24043,-27.137869444444444
24045,0.6428238095238095
24047,-58.3425
24510,-4.257722110552764
25001,0.30925714285714284
25003,0.39695
25005,0.6137846153846154
25007,0.42505
25009,0.49853294797687864
25011,0.4165578947368421
25013,0.6254576923076923
25015,-28.22412857142857
25017,-8.057509523809525
25019,0.08311666666666667
25021,-6.153731168831169
25023,0.31397454545454545
25025,-50.6670952991453
25027,-10.042937172774868
26001,0.5410999999999999
26003,0.36610000000000004
26005,0.4142666666666666
26007,0.58391
26009,0.3861
26011,0.60716
26013,0.57685
26015,0.36238125
26017,0.6052333333333334
26019,0.38456666666666667
26021,0.6973415094339622
26023,0.7001461538461539
26025,0.68082
26027,0.5869733333333333
26029,0.43749230769230774
26031,0.4795777777777778
26033,-199.38848666666667
26035,0.7351583333333332
26037,0.3030826086956522
26039,0.60892
26041,0.5785
26043,0.3697285714285714
26045,0.4623655172413793
26047,0.28792999999999996
26049,-14.311276119402985
26051,0.57033
26053,0.46465
26055,0.3284086956521739
26057,-99.30552
26059,0.6254846153846153
26061,0.37007
26063,0.5712166666666666
26065,-94.69528928571428
26067,-61.971143749999996
26069,0.7448545454545455
26071,0.52512
26073,0.5347944444444445
26075,-21.151182608695652
26077,0.5490485294117646
26079,0.6372666666666666
26081,0.49614344827586204
26083,-499.4119
26085,0.793575
26087,-41.251041666666666
26089,0.19644444444444445
26091,0.634692
26093,0.24702166666666667
26095,-332.5094666666667
26097,0.5589000000000001
26099,-28.31820452674897
26101,0.5551777777777778
26103,0.29238846153846154
26105,0.663925
26107,0.5102
26109,0.6311571428571429
26111,0.38621428571428573
26113,0.64024
26115,0.513015
26117,0.5380428571428572
26119,0.6273
26121,0.6275666666666667
26123,0.6005363636363636
26125,-19.656953142857144
26127,0.6463142857142856
26129,0.6493375
26131,0.6247333333333334
26133,0.7419571428571429
26135,0.69964
26137,0.4073
26139,0.3326640625
26141,0.47285000000000005
26143,0.5281615384615385
26145,0.6139409836065574
26147,0.47249
26149,0.7258222222222223
26151,0.6242583333333334
26153,0.6964
26155,0.5213722222222222
26157,0.5936461538461538
26159,0.5986681818181818
26161,-36.998036448598135
26163,-68.0687664
26165,0.678275
27001,0.460675
27003,0.24236555555555556
27005,0.33826
27007,0.5024428571428572
27009,0.25575000000000003
27011,0.4991666666666667
27013,0.35714375
27015,0.44825
27017,0.308
27019,0.12436799999999999
27021,0.4271181818181818
27023,0.5581400000000001
27025,0.08201538461538461
27027,0.3971125
27029,0.5875
27031,0.19816666666666669
27033,0.6147750000000001
27035,0.3157285714285714
27037,0.23635943396226414
27039,0.15486
27041,0.3172272727272727
27043,0.5331
27045,0.35556666666666664
27047,0.5568
27049,0.28506363636363635
27051,0.5102
27053,-2.61791641337386
27055,0.22832
27057,0.3325857142857143
27059,0.1676
27061,0.36184285714285713
27063,0.452125
27065,0.37785
27067,0.38919166666666666
27069,0.3963
27071,0.5146200000000001
27073,0.34873333333333334
27075,0.288775
27077,0.43920000000000003
27079,0.20845714285714287
27081,0.38280000000000003
27083,0.4374571428571429
27085,0.32841111111111115
27087,0.89615
27089,0.4099
27091,0.48274285714285714
27093,0.39149999999999996
27095,0.4351428571428571
27097,0.25963749999999997
27099,0.4133272727272727
27101,0.32456666666666667
27103,0.28295714285714285
27105,0.4741666666666666
27107,0.4565666666666666
27109,0.26232285714285714
27111,0.42199411764705885
27113,0.32226
27115,0.3642222222222222
27117,0.44908000000000003
27119,0.46614000000000005
27121,0.410375
27123,-6.453320979020979
27125,0.40059999999999996
27127,0.34415
27129,0.4621666666666666
27131,0.42460624999999996
27133,0.4687666666666667
27135,0.39632
27137,0.3499702702702703
27139,0.1123375
27141,0.09804210526315789
27143,0.3036
27145,0.30434864864864863
27147,0.35331250000000003
27149,0.44006666666666666
27151,0.523675
27153,0.46116250000000003
27155,0.3957
27157,0.2358
27159,0.5390666666666667
27161,0.34678
27163,-33.68909152542373
27165,0.48233333333333334
27167,0.4397
27169,0.3004
27171,0.1290259259259259
27173,0.370925
28001,0.73519
28003,0.5812299999999999
28005,0.608975
28007,0.5885
28009,0.5811333333333334
28011,0.6639777777777778
28013,0.64894
28015,0.6059666666666667
28017,0.67852
28019,0.5993
28021,0.7413
28023,0.6718999999999999
28025,0.7142999999999999
28027,0.8259142857142857
28029,0.5403125
28031,0.6692199999999999
28033,0.3441853658536585
28035,0.5525761904761904
28037,0.5560999999999999
28039,0.4676833333333333
28041,0.363725
28043,0.7191142857142857
28045,0.33854117647058823
28047,-11.837045679012347
28049,0.6173925373134328
28051,0.7583500000000001
28053,0.7778666666666667
28055,0.8206
28057,0.36600000000000005
28059,0.49134047619047616
28061,0.4367142857142857
28063,0.621175
28065,0.618375
28067,-49.42275
28069,0.7797499999999999
28071,0.23469333333333334
28073,0.2511058823529412
28075,0.577056
28077,0.5519
28079,0.5853166666666667
28081,-43.02309130434783
28083,0.754225
28085,0.44637000000000004
28087,0.5372833333333333
28089,0.3575846153846154
28091,0.6612666666666667
28093,0.60327
28095,0.5814272727272727
28097,0.71315
28099,0.6912375
28101,0.6269666666666667
28103,0.8243
28105,0.47583846153846154
28107,0.6464181818181818
28109,0.504575
28111,0.5564666666666667
28113,0.7016727272727272
28115,0.4642833333333333
28117,0.541775
28119,0.8296333333333333
28121,0.2620756756756757
28123,0.6148125
28125,0.7921
28127,0.5292444444444445
28129,0.51038
28131,0.49078
28133,0.7740142857142857
28135,0.6776
28137,0.5440166666666667
28139,0.6574
28141,0.6711
28143,-249.184425
28145,0.5629666666666667
28147,0.54714
28149,0.5939307692307693
28151,0.8022578947368422
28153,0.5336142857142857
28155,0.5210333333333333
28157,0.5354
28159,0.67442
28161,0.64795
28163,0.6904
29001,0.39868750000000003
29003,0.26248
29005,0.66395
29007,0.7379571428571429
29009,0.61052
29011,0.8895333333333334
29013,0.6879
29015,0.5046125
29017,0.6612999999999999
29019,0.27149999999999996
29021,0.708346153846154
29023,0.7687499999999999
29025,0.5800666666666666
29027,0.25087272727272725
29029,0.35685263157894737
29031,0.4456684210526316
29033,0.6212333333333333
29035,0.7232000000000001
29037,0.2052375
29039,0.654825
29041,0.5304
29043,0.16269999999999998
29045,0.5197333333333334
29047,0.32198
29049,0.40434000000000003
29051,0.30411666666666665
29053,0.47956000000000004
29055,0.6716624999999999
29057,0.72705
29059,0.6159250000000001
29061,0.7218
29063,0.3411666666666666
29065,0.6463
29067,0.6821333333333334
29069,0.8252499999999999
29071,0.4516642857142857
29073,0.43924
29075,0.5364
29077,0.5502153846153847
29079,0.806025
29081,0.7189
29083,0.5556166666666668
29085,0.638325
29087,0.6255999999999999
29089,0.3663666666666667
29091,0.72634
29093,0.74315
29095,-12.666251541850219
29097,0.6365827586206896
29099,0.3315795918367347
29101,0.27785714285714286
29103,0.70655
29105,0.6078333333333333
29107,0.448925
29109,0.6999299999999999
29111,0.5155
29113,0.2512076923076923
29115,0.5633
29117,0.5041
29119,0.7455666666666666
29121,0.57462
29123,0.52515
29125,0.5817
29127,0.571725
29129,0.6556
29131,0.40574444444444446
29133,0.8162
29135,0.472925
29137,0.6417333333333333
29139,0.594475
29141,0.6259250000000001
29143,0.8948999999999999
29145,0.6743769230769231
29147,0.4202666666666666
29149,0.7380333333333334
29151,0.162775
29153,0.6401666666666667
29155,0.89365
29157,0.56002
29159,0.6071000000000001
29161,0.4264666666666667
29163,0.68786
29165,-36.80334814814815
29167,0.5494625
29169,0.32264615384615386
29171,0.5418499999999999
29173,0.44193333333333334
29175,0.5539999999999999
29177,0.5186333333333333
29179,0.6588
29181,0.70045
29183,-11.516570588235295
29185,0.6018666666666667
29186,0.3318
29187,0.5578473684210526
29189,0.47933898305084743
29195,0.6269625
29197,0.43965
29199,0.48029999999999995
29201,0.7561090909090908
29203,0.50745
29205,0.6384
29207,0.8157875
29209,0.4545416666666666
29211,0.49993333333333334
29213,0.5441055555555556
29215,0.7203
29217,0.6946166666666667
29219,0.3257888888888889
29221,0.7756500000000001
29223,0.6959
29225,0.40326249999999997
29227,0.4845
29229,0.69105
29510,0.7384182692307693
30001,0.3760666666666667
30003,0.8187599999999999
30005,0.712575
30007,0.5262
30009,0.44814
30011,0.444
30013,0.6187400000000001
30015,0.6490499999999999
30017,0.39843333333333336
30019,0.596
30021,0.2869
30023,0.6789999999999999
30025,0.283
30027,0.6176333333333334
30029,0.313259375
30031,0.16140384615384618
30033,0.2779
30035,0.70135
30037,0.5705
30039,0.39775
30041,0.49225
30043,0.3915
30045,0.5866
30047,0.61642
30049,0.36408823529411766
30051,0.8557
30053,0.7226833333333333
30055,0.2838
30057,0.2255
30059,0.2764
30061,0.5959
30063,0.3126413793103448
30065,0.5618
30067,-166.31
30069,0.1291
30071,0.5878
30073,0.8248
30075,0.4886
30077,0.376
30079,0.7227
30081,0.3122846153846154
30083,0.30904
30085,0.7112333333333334
30087,0.646575
30089,0.81155
30091,0.4348
30093,0.4855555555555556
30095,0.33039999999999997
30097,0.4027
30099,0.6625666666666666
30101,-332.5023333333333
30103,0.2892
30105,0.5582666666666666
30107,0.6358
30109,0.3997
30111,0.45004999999999995
31001,0.44374444444444444
31003,0.4535666666666667
31005,0.2712
31007,0.233
31009,0.2765
31011,0.33305
31013,0.4578
31015,0.4642
31017,0.432
31019,0.27754545454545454
31021,0.5331333333333333
31023,0.3478666666666667
31025,0.2765666666666667
31027,0.38865
31029,0.6699
31031,0.38605
31033,0.5903333333333333
31035,0.43010000000000004
31037,0.3164666666666667
31039,0.3501
31041,0.42615
31043,0.6538
31045,0.3707
31047,0.5480857142857143
31049,0.6887
31051,0.49344999999999994
31053,0.47985555555555554
31055,0.3509171779141104
31057,0.3376
31059,0.38055
31061,0.41655
31063,0.5691
31065,0.5432
31067,0.5545428571428571
31069,0.7146
31071,0.2923
31073,0.3654
31075,0.4685
31077,0.4259
31079,0.5133
31081,0.3005
31083,0.505
31085,0.4234
31087,0.7029
31089,0.449125
31091,0.4127
31093,0.2434
31095,0.6875333333333332
31097,0.33075
31099,0.3439
31101,0.6531333333333333
31103,0.2574
31105,0.8494
31107,0.4854
31109,-24.375112345679014
31111,0.4295
31113,0.214
31115,0.3923
31117,0.0943
31119,0.4898
31121,0.5189333333333334
31123,0.5963
31125,0.4541
31127,0.5858
31129,0.43384999999999996
31131,0.45248
31133,0.7235
31135,0.6083
31137,0.5497
31139,0.3347
31141,0.5034375
31143,0.3209
31145,0.5262
31147,0.6129666666666667
31149,0.3531
31151,0.4518
31153,0.18646808510638296
31155,0.32198
31157,0.6551818181818182
31159,0.269375
31161,0.63075
31163,0.6479
31165,0.6403
31167,0.14579999999999999
31169,0.43965
31171,0.1937
31173,0.8337
31175,0.38455
31177,0.19896
31179,0.2485
31181,0.40454999999999997
31183,0.2195
31185,0.43027499999999996
32001,0.6896571428571429
32003,-1.3840852336448597
32005,-58.423647058823526
32007,0.46231333333333335
32009,0.7849
32011,0.5886
32013,0.55064
32015,0.5519499999999999
32017,0.44075
32019,0.7124055555555555
32021,0.9493
32023,-65.93919333333334
32027,0.5383
32029,0.6586
32031,-35.47072877697842
32033,0.4146
32510,-66.06663999999999
33001,0.3428333333333333
33003,0.364421052631579
33005,0.32428333333333337
33007,0.6239727272727272
33009,0.3690285714285714
33011,-9.341831067961165
33013,0.27802820512820514
33015,-13.685469444444445
33017,0.3077533333333333
33019,0.5208818181818182
34001,0.40015753424657535
34003,0.4684995073891626
34005,0.38619230769230767
34007,0.515046511627907
34009,0.32245625
34011,-72.48629512195122
34013,-8.764825118483412
34015,0.3382217391304348
34017,-4.86075519125683
34019,0.27685333333333334
34021,-11.372490476190475
34023,-4.7353921875
34025,0.2828590909090909
34027,0.31937
34029,-13.600543750000002
34031,0.6276466666666667
34033,0.4803
34035,0.33622027027027024
34037,0.16585952380952382
34039,0.5749741666666667
34041,0.4504434782608696
35001,-16.618350568181818
35003,0.60985
35005,0.5898764705882353
35006,0.7642444444444444
35007,0.6851666666666666
35009,0.4676642857142857
35011,0.7353
35013,0.5721229508196722
35015,0.4931615384615385
35017,0.52971
35019,0.6441
35021,0.6298
35023,0.7019500000000001
35025,0.5374277777777778
35027,0.5517
35028,0.06635
35029,0.7413857142857143
35031,-29.610584848484848
35033,0.46035
35035,-47.047557142857144
35037,0.7203333333333334
35039,0.5187
35041,0.5320400000000001
35043,-56.751285714285714
35045,0.6913833333333333
35047,0.54701
35049,0.33567017543859645
35051,0.6229
35053,0.6981
35055,0.44108
35057,-199.25142
35059,0.7059
35061,-119.428208
36001,0.3725364705882353
36003,-62.0017375
36005,-46.22575207756233
36007,0.5506912280701755
36009,-41.064991666666664
36011,0.40739166666666665
36013,0.5430055555555556
36015,-39.444131999999996
36017,0.53503125
36019,-44.994749999999996
36021,0.3555952380952381
36023,0.5018
36025,-55.03024444444444
36027,-24.02990731707317
36029,-11.019307692307692
36031,0.3472166666666667
36033,0.4282333333333333
36035,0.4952823529411765
36037,0.48168888888888894
36039,-55.17033333333333
36041,0.32275
36043,0.42902500000000005
36045,-55.13398055555555
36047,-32.92523805970149
36049,0.3416666666666667
36051,-110.73272222222222
36053,0.3078947368421052
36055,-13.812785714285715
36057,0.59914375
36059,-6.763877224199288
36061,-28.439313548387098
36063,-14.819272307692307
36065,-52.856454666666664
36067,0.45897816901408445
36069,0.31269749999999996
36071,0.33469891304347826
36073,-76.26639999999999
36075,0.4423
36077,0.4121
36079,0.19005416666666666
36081,-50.498945718232044
36083,0.34708541666666665
36085,-23.5909144
36087,0.43528874999999995
36089,-99.38913333333333
36091,0.2511676923076923
36093,0.40873333333333334
36095,-124.5206125
36097,0.49277999999999994
36099,-90.27252727272727
36101,0.3765483870967742
36103,-7.521635416666666
36105,0.36650645161290324
36107,0.3003727272727273
36109,0.2267846153846154
36111,0.359636
36113,0.3231826086956522
36115,0.4212047619047619
36117,0.41543599999999997
36119,-20.245208713692946
36121,-82.94720833333334
36123,0.493
37001,0.39682972972972974
37003,0.36079999999999995
37005,0.5812333333333334
37007,-110.41218888888889
37009,0.4433666666666667
37011,0.3581
37013,0.6212923076923077
37015,0.59942
37017,0.5764272727272727
37019,0.25703488372093025
37021,0.29208923076923077
37023,0.589147619047619
37025,0.30936170212765957
37027,0.5636578947368421
37029,0.1244
37031,-31.91978064516129
37033,0.5011333333333333
37035,0.45529411764705885
37037,0.33800526315789475
37039,0.46515
37041,0.6042
37043,0.401625
37045,0.5767583333333334
37047,0.6370733333333334
37049,0.4746807692307693
37051,-36.541948148148144
37053,0.14546666666666666
37055,0.22568000000000002
37057,0.4732190476190476
37059,0.36175
37061,0.5617809523809524
37063,-29.059585294117646
37065,0.6379357142857144
37067,0.4279357894736842
37069,0.35599375
37071,0.46308352941176467
37073,0.4268
37075,0.5708666666666667
37077,-66.18355333333334
37079,0.57638
37081,-7.468765079365079
37083,0.7026625
37085,0.3292357142857143
37087,-47.15900952380952
37089,-32.9033
37091,-124.298475
37093,-82.803825
37095,0.6559999999999999
37097,0.35916304347826083
37099,0.4746444444444444
37101,0.29716037735849055
37103,0.5888666666666666
37105,0.541375
37107,0.6709529411764706
37109,0.3411888888888889
37111,0.5088
37113,0.51637
37115,0.3535142857142857
37117,0.5902333333333333
37119,-9.515258032786885
37121,0.505675
37123,0.48034
37125,0.2894827586206896
37127,0.499696
37129,-18.20134074074074
37131,0.6661699999999999
37133,0.2411888888888889
37135,0.18023809523809525
37137,0.47481666666666666
37139,0.49884000000000006
37141,0.2993133333333333
37143,0.518775
37145,0.5038428571428571
37147,0.4100071428571429
37149,0.452775
37151,0.46199411764705883
37153,0.6992999999999999
37155,0.7620914285714286
37157,0.6891181818181819
37159,0.5566677419354839
37161,0.5358136363636364
37163,0.510135
37165,0.7534333333333333
37167,0.40349411764705884
37169,0.4354230769230769
37171,0.510804347826087
37173,-199.23579999999998
37175,0.369125
37177,0.5263
37179,0.22267083333333335
37181,0.6806666666666666
37183,-4.179568695652174
37185,0.6730857142857143
37187,0.624175
37189,0.2126076923076923
37191,0.5627366666666667
37193,0.5043388888888889
37195,0.626824
37197,0.44813333333333333
37199,0.5363
38001,0.5472
38003,0.4571
38005,0.6601666666666667
38007,0.1065
38009,0.36716666666666664
38011,0.40769999999999995
38013,0.2903
38015,0.2633578947368421
38017,0.2715818181818182
38019,0.4016
38021,0.3723666666666667
38023,0.5035
38025,0.317
38027,0.4983
38029,0.3973
38031,0.3625
38033,0.436
38035,0.24013636363636362
38037,0.613
38039,0.4106
38041,0.47465
38043,0.2583
38045,0.41669999999999996
38047,0.4337
38049,0.4767
38051,0.5725
38053,0.31262
38055,0.5181
38057,0.7025333333333333
38059,0.2616857142857143
38061,0.6426999999999999
38063,0.4623
38065,0.5034
38067,0.50835
38069,0.2802
38071,0.46646666666666664
38073,0.39366666666666666
38075,0.2958
38077,0.34946666666666665
38079,0.755775
38081,0.29485
38083,0.4312
38085,0.78535
38087,0.1787
38089,0.22503333333333334
38091,0.3005
38093,0.5486
38095,0.6557
38097,0.274175
38099,0.4825333333333333
38101,0.31369375
38103,0.53855
38105,0.25427500000000003
39001,0.7600285714285714
39003,0.7307400000000001
39005,0.6890916666666667
39007,0.8516821428571429
39009,0.5170733333333334
39011,0.5079909090909092
39013,0.7210954545454545
39015,0.69649
39017,0.5430151162790697
39019,0.7299571428571429
39021,0.64117
39023,0.7385711111111112
39025,0.43190833333333334
39027,0.71181
39029,0.784028
39031,0.8094100000000001
39033,0.7818846153846154
39035,-13.387289929742389
39037,0.7336214285714285
39039,0.7339666666666667
39041,0.164115
39043,0.7251473684210525
39045,0.4065972222222222
39047,0.8144285714285714
39049,-2.596336280487805
39051,0.60854
39053,0.7748875
39055,0.3408904761904762
39057,0.4537119047619048
39059,0.85383
39061,0.5921004424778761
39063,0.6426999999999999
39065,0.7138625
39067,0.87802
39069,0.7357142857142858
39071,0.6835363636363637
39073,0.6555857142857143
39075,0.5494899999999999
39077,0.7440307692307692
39079,0.8412142857142857
39081,0.7911454545454546
39083,0.4462357142857143
39085,0.5316220338983051
39087,0.8344388888888888
39089,0.38894347826086956
39091,0.6018545454545454
39093,0.6494556962025316
39095,0.6788178571428571
39097,0.5784666666666667
39099,-12.572470666666666
39101,0.7567111111111111
39103,0.26699047619047617
39105,0.8398666666666667
39107,0.5255555555555556
39109,0.5805478260869565
39111,0.7682
39113,-5.783491025641026
39115,0.8126
39117,0.5737555555555556
39119,0.7276047619047619
39121,0.73035
39123,0.5779200000000001
39125,0.76154
39127,0.5706555555555556
39129,-61.84245
39131,0.7365285714285715
39133,0.5565052631578947
39135,0.6289333333333333
39137,0.4267125
39139,0.71473
39141,0.7357117647058823
39143,0.77544
39145,0.8209571428571429
39147,0.7414
39149,0.61795
39151,0.6152433333333334
39153,0.620236231884058
39155,0.7691962962962963
39157,0.7551458333333333
39159,0.3495769230769231
39161,0.6989111111111111
39163,0.8295
39165,-22.378840909090908
39167,0.7295166666666666
39169,0.575665625
39171,0.7856222222222222
39173,0.574458064516129
39175,0.56605
40001,0.8195399999999999
40003,0.4785333333333333
40005,0.77555
40007,0.5558
40009,0.693225
40011,0.77084
40013,0.8189692307692307
40015,0.8208500000000001
40017,0.39015675675675676
40019,0.83671875
40021,0.7301615384615385
40023,0.8412000000000001
40025,0.6319
40027,0.4767211267605634
40029,0.83485
40031,-52.00236842105264
40033,0.83325
40035,0.8885
40037,0.6940782608695653
40039,0.5922999999999999
40041,0.7114
40043,0.7605
40045,0.60425
40047,0.6126411764705882
40049,0.7331
40051,0.6199066666666667
40053,0.7383500000000001
40055,0.6082000000000001
40057,0.7409
40059,0.5991
40061,0.8507
40063,0.79186
40065,0.6353125
40067,0.8914333333333332
40069,0.79415
40071,0.8561454545454545
40073,0.57925
40075,0.8156666666666667
40077,0.8719333333333333
40079,0.8918333333333334
40081,0.7197875
40083,0.4714923076923077
40085,0.8637666666666667
40087,0.4784222222222222
40089,0.8310222222222222
40091,0.7845125000000001
40093,0.6509666666666667
40095,0.82205
40097,0.82661
40099,0.7447
40101,0.82722
40103,0.821675
40105,0.758825
40107,0.7842
40109,-33.23712142857143
40111,0.851190909090909
40113,0.7600076923076924
40115,0.8808444444444444
40117,0.77236
40119,0.5241739130434783
40121,0.7544571428571428
40123,0.7182545454545455
40125,0.674975
40127,0.85055
40129,0.7346
40131,0.6533607142857143
40133,0.8226444444444445
40135,0.8334333333333334
40137,0.8498727272727272
40139,0.6762833333333332
40141,0.85086
40143,0.5558822115384616
40145,0.49737200000000004
40147,0.7385785714285714
40149,0.7775
40151,0.554
40153,0.62876
41001,0.6084833333333334
41003,0.48772727272727273
41005,0.5225885057471265
41007,0.6002818181818182
41009,0.5946636363636363
41011,0.742652380952381
41013,0.4807428571428572
41015,0.6464
41017,0.3601622222222222
41019,0.732596551724138
41021,0.7997
41023,0.6776333333333334
41025,0.7751666666666667
41027,0.643
41029,0.6754269230769231
41031,0.596175
41033,0.7766045454545455
41035,0.780209090909091
41037,0.90605
41039,0.6810315217391304
41041,0.64185
41043,0.7718107142857143
41045,-124.128725
41047,0.72292
41049,0.8775666666666666
41051,-4.496820304568528
41053,0.63333125
41055,0.826
41057,0.62419
41059,0.7605444444444445
41061,0.63095
41063,0.6976666666666667
41065,0.89235
41067,0.42184776119402984
41069,0.6774
41071,0.611378947368421
42001,0.3591518518518519
42003,-29.935335786802032
42005,0.5705473684210527
42007,0.549677358490566
42009,0.46495
42011,-8.728270093457944
42013,0.5476421052631579
42015,0.4474933333333333
42017,-6.406633333333334
42019,0.37133191489361705
42021,0.5740547619047619
42023,0.6063
42025,0.5195411764705883
42027,-24.126448780487806
42029,-7.706907258064517
42031,0.4543384615384615
42033,0.5855750000000001
42035,-99.35784
42037,0.57339375
42039,0.5156173913043478
42041,-17.72559818181818
42043,0.5600805970149253
42045,-12.654830921052632
42047,0.3675
42049,-13.140954794520546
42051,0.6780083333333333
42053,0.4013
42055,0.4134787878787879
42057,0.4619
42059,0.56786
42061,0.44816923076923076
42063,0.6005666666666667
42065,0.5991538461538461
42067,0.5795
42069,0.532445
42071,0.5618112068965517
42073,0.5698964285714286
42075,0.610339393939394
42077,0.616341975308642
42079,0.5949960396039604
42081,0.521240625
42083,0.5119833333333333
42085,0.5753457142857142
42087,0.7053
42089,0.35859607843137253
42091,-17.832620091324202
42093,0.5119
42095,0.5569351351351352
42097,0.692704
42099,0.37111
42101,-48.30062573529411
42103,0.255192
42105,0.46030000000000004
42107,0.6924428571428571
42109,0.564325
42111,0.5713625
42113,0.3694
42115,0.4250833333333333
42117,0.50478
42119,0.43525454545454545
42121,0.6050235294117646
42123,0.47086153846153844
42125,0.5678483870967742
42127,0.3559235294117647
42129,0.5223884955752213
42131,0.3051857142857143
42133,0.44482407407407404
44001,0.34109090909090906
44003,-25.168464102564105
44005,0.38913478260869566
44007,0.6494103448275862
44009,0.39570689655172414
45001,0.5193
45003,-22.7381488372093
45005,0.8045333333333332
45007,0.43969019607843135
45009,0.6885666666666667
45011,-124.2992
45013,0.29909761904761906
45015,-20.409772916666665
45017,0.676625
45019,0.3818826530612245
45021,0.52920625
45023,0.7055181818181818
45025,0.6883071428571429
45027,-82.66686666666668
45029,0.6054461538461539
45031,0.6295
45033,0.8188666666666666
45035,0.30292580645161293
45037,0.5725
45039,0.6606125
45041,-27.239622222222224
45043,0.46810999999999997
45045,0.41242764227642276
45047,0.5692499999999999
45049,0.7558
45051,0.3749519480519481
45053,0.6395833333333333
45055,0.48156111111111105
45057,0.3436909090909091
45059,0.63144
45061,-110.3988
45063,-10.502985869565217
45065,0.6030333333333333
45067,0.8228
45069,0.7742625
45071,0.5526
45073,0.53103
45075,0.6961051282051282
45077,0.4206324324324324
45079,-30.084152040816328
45081,0.5379666666666666
45083,0.5226045977011494
45085,0.6020653846153846
45087,0.7363
45089,-82.65986666666667
45091,-17.84779818181818
46003,0.3777
46005,0.35733333333333334
46007,0.63175
46009,0.4074
46011,0.1772142857142857
46013,0.3272375
46015,0.50455
46017,0.7854
46019,0.4119
46021,0.4312
46023,0.5093
46025,0.5412
46027,0.5164
46029,0.2908125
46031,0.75275
46033,0.40645
46035,0.30169999999999997
46037,0.4320333333333333
46039,0.20140000000000002
46041,0.69925
46043,0.4682
46045,0.39985
46047,0.64
46049,0.4063
46051,0.47705
46053,0.36405
46055,0.401
46057,0.20065
46059,0.2555
46061,0.0314
46063,0.0968
46065,0.2067
46067,0.42136666666666667
46069,0.2858
46071,0.7301
46073,0.3429
46075,0.2255
46077,0.37685
46079,0.3359
46081,0.35726250000000004
46083,0.10503846153846154
46085,0.5085
46087,0.27090000000000003
46089,0.4283
46091,0.4385
46093,0.27944285714285716
46095,0.8156
46097,0.3819
46099,0.2478
46101,0.37295
46102,0.7689333333333334
46103,0.39464799999999994
46105,0.4494
46107,0.3307
46109,0.629675
46111,0.3702
46115,0.4275
46117,0.1548
46119,0.3799
46121,0.764
46123,0.48250000000000004
46125,0.50345
46127,0.28357499999999997
46129,0.53475
46135,0.43488
46137,0.6965
47001,-49.268275
47003,0.60714
47005,0.81714
47007,0.69945
47009,-63.91391935483871
47011,0.707268
47013,0.8298230769230769
47015,0.704025
47017,-110.3439
47019,0.8021333333333334
47021,0.4436111111111111
47023,0.57752
47025,0.7559888888888889
47027,0.7477
47029,-110.25331111111112
47031,0.6977176470588236
47033,0.7979
47035,0.5882764705882353
47037,-16.69206436781609
47039,0.74552
47041,0.79378
47043,0.5872636363636364
47045,0.74245
47047,0.7125272727272727
47049,0.67922
47051,0.74843
47053,-58.012017647058826
47055,0.7143888888888889
47057,0.8171666666666666
47059,0.8049529411764706
47061,0.7716000000000001
47063,0.8811749999999999
47065,-22.399697701149424
47067,0.7963
47069,0.7731499999999999
47071,0.724775
47073,0.8535307692307692
47075,0.8477166666666666
47077,0.7442285714285715
47079,0.7576416666666667
47081,0.6587428571428572
47083,0.8004000000000001
47085,0.8239799999999999
47087,0.772625
47089,0.7525416666666667
47091,0.57714
47093,0.5044198347107438
47095,0.9332
47097,0.7887555555555555
47099,0.7618727272727273
47101,0.8496
47103,0.6525555555555556
47105,0.6179357142857143
47107,0.8349
47109,0.7664625
47111,0.6889
47113,0.7201285714285713
47115,0.7821999999999999
47117,0.6815333333333333
47119,0.46449047619047623
47121,0.7799333333333333
47123,0.809275
47125,-21.25718913043478
47127,0.80365
47129,0.75214
47131,0.8178300000000001
47133,0.6791
47135,0.797
47137,0.6344000000000001
47139,0.7862333333333332
47141,0.572811111111111
47143,0.8255499999999999
47145,-61.821031250000004
47147,0.5019133333333333
47149,0.49361875
47151,0.7851666666666667
47153,0.701175
47155,-36.40500740740741
47157,-23.42129919678715
47159,0.60782
47161,-332.6275166666667
47163,0.7877175000000001
47165,0.49183023255813957
47167,0.5922769230769231
47169,0.48485
47171,0.855275
47173,0.6256600000000001
47175,0.74915
47177,0.79623
47179,-30.606971875
47181,0.691625
47183,0.7526818181818182
47185,0.7815500000000001
47187,0.19654565217391304
47189,0.37092142857142857
48001,-82.65090833333333
48003,0.53135
48005,0.7673
48007,0.48789
48009,0.46416666666666667
48011,0.3435
48013,0.5588230769230769
48015,0.6608499999999999
48017,0.50155
48019,0.46295714285714284
48021,0.45230000000000004
48023,0.71245
48025,0.5983111111111111
48027,-33.902597701149425
48029,-7.443747466666666
48031,0.46695000000000003
48033,0.0864
48035,0.6495142857142857
48037,0.639976923076923
48039,0.4968493506493506
48041,-15.455544444444444
48043,0.40526666666666666
48045,0.8167
48047,0.7623500000000001
48049,0.5753153846153846
48051,0.5754571428571429
48053,0.45132
48055,0.6796181818181818
48057,0.6427857142857143
48059,0.5149333333333334
48061,-15.835345454545456
48063,0.8565999999999999
48065,0.4848
48067,0.7714666666666666
48069,0.6103666666666667
48071,-142.19891428571427
48073,0.7280571428571428
48075,0.5259
48077,0.5922000000000001
48079,0.7912
48081,0.6474
48083,0.6562666666666667
48085,-4.322548181818182
48087,0.6678
48089,0.75916
48091,0.3911848484848485
48093,0.7028800000000001
48095,0.5639
48097,0.6071666666666666
48099,-104.7384
48101,0.6776
48103,0.5748
48105,0.6303
48107,0.6391333333333333
48109,0.7721
48111,0.57875
48113,-4.080644496124031
48115,0.6609499999999999
48117,0.686625
48119,0.60555
48121,0.27003160621761657
48123,0.6623833333333333
48125,0.6318
48127,0.7402000000000001
48129,0.5245
48131,0.6034
48133,0.6128714285714285
48135,0.5269757575757575
48137,0.7016
48139,0.5014055555555555
48141,-4.708336170212766
48143,0.49238333333333334
48145,0.7006333333333333
48147,0.6339888888888888
48149,0.5623888888888888
48151,0.6633
48153,0.647
48155,0.7278
48157,0.3814586466165414
48159,0.476325
48161,0.72515
48163,0.6476833333333333
48165,0.53885
48167,-9.277420588235294
48169,-332.4682666666667
48171,0.5260571428571429
48173,0.1387
48175,0.7563500000000001
48177,0.7916333333333334
48179,0.6339857142857143
48181,0.63809
48183,0.6946766666666666
48185,0.6537875
48187,0.41772439024390245
48189,0.7058444444444444
48191,0.7071
48193,0.7264333333333334
48195,0.56515
48197,0.7288
48199,0.6146692307692307
48201,-3.8546315695067266
48203,0.799775
48205,0.2968
48207,0.70205
48209,0.3454913043478261
48211,0.3928
48213,0.6791464285714286
48215,-4.080903301886792
48217,0.6732666666666667
48219,0.5744714285714286
48221,0.4168857142857143
48223,0.68045
48225,0.712325
48227,0.6064700000000001
48229,0.7634
48231,0.5930952380952381
48233,0.6097125
48235,0.4836
48237,0.5945666666666667
48239,0.7386666666666667
48241,0.80213
48243,0.5367
48245,-38.686002631578944
48247,0.6942
48249,0.6185636363636363
48251,0.4699589743589743
48253,-166.01728333333332
48255,0.5975400000000001
48257,0.49505185185185185
48259,0.3175
48261,0.7535
48263,0.598
48265,0.5477214285714286
48267,0.49424999999999997
48269,0.6183
48271,0.7024
48273,0.5543
48275,0.6872
48277,0.6698846153846154
48279,0.6378600000000001
48281,0.6158833333333333
48283,0.8163
48285,0.69545
48287,0.7035
48289,0.6450333333333332
48291,0.7632000000000001
48293,0.727975
48295,0.5763
48297,0.76535
48299,0.4666125
48301,0.1865
48303,-27.91307358490566
48305,0.5835666666666667
48307,0.6598333333333334
48309,-33.88449655172414
48311,0.7389
48313,0.5546
48315,0.7625
48317,0.46595000000000003
48319,0.45640000000000003
48321,0.5902833333333334
48323,0.6539153846153846
48325,0.4461363636363636
48327,0.705
48329,-26.646427027027027
48331,0.7260285714285715
48333,0.6005499999999999
48335,0.6283000000000001
48337,0.6472375
48339,-7.133170676691729
48341,0.6063666666666666
48343,0.8198666666666666
48345,0.4429
48347,0.6587235294117647
48349,0.7096916666666666
48351,0.75292
48353,0.7431599999999999
48355,-20.310779166666666
48357,0.494
48359,0.6153
48361,0.6891583333333333
48363,0.68577
48365,0.7495571428571429
48367,0.34014827586206897
48369,0.61455
48371,-199.37646
48373,0.7214153846153847
48375,-27.848362857142856
48377,0.6315500000000001
48379,0.4721666666666667
48381,0.26733939393939393
48383,0.4665
48385,0.6847
48387,0.7454
48389,0.753975
48391,0.78285
48393,0.39
48395,0.7695333333333334
48397,0.13664827586206896
48399,0.6719
48401,0.7080571428571429
48403,0.6933666666666666
48405,0.8565666666666667
48407,0.6147777777777779
48409,0.59801875
48411,0.6907000000000001
48413,0.5536
48415,0.53135
48417,0.6028
48419,0.7942714285714285
48421,0.6105
48423,-17.30906607142857
48425,0.4036666666666666
48427,0.6745941176470588
48429,0.6798000000000001
48431,0.14
48433,0.6335
48435,0.6404
48437,0.7680666666666666
48439,-1.6973489977728287
48441,-23.8568487804878
48443,0.5828
48445,0.8083666666666667
48447,0.5316
48449,0.7861333333333334
48451,-36.604040740740736
48453,-6.605943793103449
48455,0.68798
48457,0.6732999999999999
48459,0.69618
48461,0.67855
48463,0.6308166666666667
48465,-70.82875
48467,0.5871571428571428
48469,-39.297908
48471,0.6228083333333333
48473,-90.3406818181818
48475,0.7465333333333334
48477,0.6245999999999999
48479,-28.288418840579713
48481,0.6929416666666667
48483,0.748
48485,-22.156000000000002
48487,0.7448
48489,0.6827
48491,0.18996666666666664
48493,0.3423333333333334
48495,0.4290333333333334
48497,0.50559375
48499,0.6000666666666666
48501,0.6354500000000001
48503,0.46184000000000003
48505,0.6569166666666667
48507,0.7047
49001,0.18385
49003,0.4084916666666667
49005,0.32237857142857146
49007,0.79954
49009,0.3243
49011,0.3233984848484849
49013,0.6223
49015,0.5521666666666666
49017,0.39015
49019,0.33046666666666663
49021,0.36516666666666664
49023,0.31845
49025,0.3411
49027,0.5594333333333333
49029,0.10356666666666665
49031,0.7348
49033,0.4707
49035,-11.517827888446215
49037,0.656425
49039,0.4074
49041,0.35972
49043,0.10912857142857144
49045,-58.49225882352941
49047,0.4347375
49049,-12.517958974358974
49051,-99.80102000000001
49053,0.2618085714285714
49055,0.4138
49057,0.42387586206896555
50001,0.28723
50003,0.42769166666666664
50005,0.3747
50007,-24.07202926829268
50009,0.5361333333333334
50011,0.29406363636363636
50013,0.1626
50015,0.21204285714285714
50017,0.27726
50019,0.40752
50021,0.393025
50023,0.2475
50025,0.39303333333333335
50027,0.33919473684210527
51001,-153.09230769230768
51003,0.23135172413793104
51005,0.5383666666666667
51007,0.6411
51009,0.63567
51011,0.6119
51013,-13.929690140845072
51015,0.36446666666666666
51017,0.64635
51019,0.34402999999999995
51021,0.39590000000000003
51023,0.2762777777777778
51025,-165.93795
51027,0.8097714285714286
51029,0.744075
51031,0.5918416666666667
51033,0.44577777777777783
51035,0.53625
51036,0.6086333333333332
51037,0.806675
51041,0.3036253333333333
51043,0.23157499999999998
51045,0.3266
51047,0.33771
51049,0.48236666666666667
51051,0.772
51053,-110.48383333333332
51057,0.8385666666666666
51059,-14.458271532846716
51061,0.15378
51063,0.31986
51065,0.1937
51067,0.43403749999999997
51069,0.3222052631578947
51071,0.43662500000000004
51073,0.26697777777777776
51075,0.24451666666666663
51077,0.61844
51079,0.2995
51081,-332.4613
51083,0.7862272727272728
51085,0.24564799999999998
51087,-11.373081176470588
51089,0.8416285714285714
51091,0.4342
51093,0.3838111111111111
51095,0.2524411764705882
51097,0.7115
51099,0.10463333333333334
51101,0.544225
51103,0.5562
51105,0.7210714285714286
51107,-13.243346666666666
51109,0.43794444444444447
51111,0.8117666666666666
51113,0.47359999999999997
51115,0.419175
51117,0.6590250000000001
51119,0.48895
51121,-43.21133913043478
51125,0.52896
51127,0.179175
51131,0.716375
51133,0.480625
51135,0.615
51137,0.4574375
51139,0.6261333333333333
51141,0.48351666666666665
51143,0.7082736842105263
51145,0.11320000000000001
51147,0.48533333333333334
51149,0.6219428571428571
51153,-10.572312903225807
51155,-166.03161666666668
51157,0.4147
51159,0.58795
51161,0.2994
51163,0.39548333333333335
51165,0.44580909090909093
51167,0.7148222222222222
51169,0.6366999999999999
51171,0.5313909090909091
51173,0.7138777777777778
51175,-166.084
51177,0.18920882352941176
51179,0.1533375
51181,0.5278499999999999
51183,-199.29344
51185,0.6700846153846154
51187,0.4353444444444444
51191,0.5487266666666667
51193,0.7002
51195,0.7836636363636363
51197,0.5292375
51199,0.2720333333333333
51510,-20.592458333333333
51520,0.7192000000000001
51530,0.56875
51540,0.35005000000000003
51550,0.3100180327868853
51570,0.57254
51580,0.70775
51590,-61.63969375
51595,0.9156500000000001
51600,0.10081999999999999
51610,0.08556666666666668
51620,0.8575999999999999
51630,0.5403857142857142
51640,0.8775
51650,0.4656638888888889
51660,0.5969545454545454
51670,-141.91614285714286
51678,0.1189
51680,0.575908695652174
51683,0.19467142857142858
51685,0.3056
51690,0.9124800000000001
51700,0.5059106382978723
51710,-36.95183
51720,0.9103
51730,0.9010818181818181
51735,0.05873333333333333
51740,-31.578619354838708
51750,0.38675
51760,0.6080253333333333
51770,0.678184
51775,0.50156
51790,0.39398571428571433
51800,0.39036111111111116
51810,0.20923063063063063
51820,0.7683
51830,0.3858333333333333
51840,0.7359
53001,0.7747285714285714
53003,0.7403666666666666
53005,-21.699446666666667
53007,0.5580130434782609
53009,0.5424708333333333
53011,0.5038304347826087
53013,0.7681
53015,0.6396499999999999
53017,0.6657333333333333
53019,0.8417333333333333
53021,-44.742236363636366
53023,0.7636
53025,0.6268260869565218
53027,0.6082150000000001
53029,0.3710652173913043
53031,0.49504000000000004
53033,0.33818157894736844
53035,0.42035084745762713
53037,0.5046928571428572
53039,0.6828333333333334
53041,0.6839809523809524
53043,0.7013
53045,0.4915947368421052
53047,0.7984615384615383
53049,0.6126272727272727
53051,0.69858
53053,0.5363533678756477
53055,0.27825
53057,0.5017878048780487
53059,0.46516
53061,0.3693485549132948
53063,0.5882461538461538
53065,0.6139399999999999
53067,0.4330475409836066
53069,0.7687
53071,-70.68809285714285
53073,0.5356425925925926
53075,0.5957166666666667
53077,0.7467912280701754
54001,0.816275
54003,0.5218846153846154
54005,0.84215
54007,0.8421333333333333
54009,0.856775
54011,0.8049676470588235
54013,0.73775
54015,0.8049666666666667
54017,0.7814
54019,0.8723307692307691
54021,-332.55323333333337
54023,0.7777333333333333
54025,0.73562
54027,0.6787222222222222
54029,0.8511
54031,0.69714
54033,0.7541159999999999
54035,0.6888285714285713
54037,0.5018466666666667
54039,0.8155491228070175
54041,0.76256
54043,0.7211
54045,0.84091
54047,0.86705
54049,0.7166285714285714
54051,0.8012
54053,0.8231428571428572
54055,0.77915
54057,0.6752857142857144
54059,0.8693571428571428
54061,0.5125035714285714
54063,0.7343333333333333
54065,0.6713
54067,0.7556375
54069,0.7569
54071,0.7187666666666667
54073,0.82335
54075,0.7213200000000001
54077,0.6405181818181819
54079,0.5875
54081,0.8135705882352942
54083,0.8148142857142856
54085,0.7115
54087,0.78132
54089,0.7520249999999999
54091,0.85795
54093,0.6229
54095,0.7687666666666666
54097,0.7738666666666667
54099,0.8632090909090909
54101,0.7215
54103,0.85788
54105,0.7070000000000001
54107,0.7164035714285715
54109,0.8124833333333333
55001,0.5545875
55003,0.6000857142857142
55005,0.5146916666666667
55007,0.27453333333333335
55009,-16.811341379310345
55011,0.34102
55013,0.49025
55015,0.1579
55017,0.37777499999999997
55019,0.5363375
55021,0.4176769230769231
55023,0.5299333333333334
55025,-23.7491208
55027,0.41812000000000005
55029,0.2792777777777778
55031,0.43879285714285715
55033,0.36843333333333333
55035,0.2951909090909091
55037,0.37903333333333333
55039,0.36197391304347826
55041,0.5569500000000001
55043,0.47030833333333333
55045,0.4161875
55047,0.45226666666666665
55049,0.1909833333333333
55051,0.3118
55053,0.58738
55055,0.39396190476190474
55057,0.6094375
55059,0.4834928571428571
55061,0.28422000000000003
55063,0.3854678571428572
55065,0.33114
55067,0.3750714285714286
55069,0.38644
55071,0.45442105263157895
55073,0.297671875
55075,0.412125
55077,0.5148400000000001
55078,0.6311333333333334
55079,-2.6980534883720932
55081,0.5469777777777778
55083,0.32883636363636365
55085,0.29954375
55087,0.37282765957446806
55089,0.2945095238095238
55091,0.33075
55093,0.12035
55095,0.23620714285714287
55097,0.23522666666666667
55099,0.5157999999999999
55101,0.5218282608695652
55103,0.57984
55105,0.4830121951219512
55107,0.43684
55109,0.09823888888888889
55111,0.3328291666666667
55113,0.4798625
55115,0.39540000000000003
55117,0.3919178571428571
55119,0.39146666666666663
55121,0.2981375
55123,0.4102428571428572
55125,0.327725
55127,0.34248620689655174
55129,0.47266666666666673
55131,0.2425766666666667
55133,0.2863734693877551
55135,0.34639166666666665
55137,0.3218125
55139,0.4591933333333333
55141,0.45330588235294117
56001,0.3967727272727272
56003,0.6223
56005,0.25874
56007,0.43352
56009,0.4839
56011,0.31684999999999997
56013,0.46836666666666665
56015,0.5677
56017,0.5439
56019,0.3698666666666666
56021,-36.54380740740741
56023,0.26614
56025,0.375685
56027,0.6091
56029,0.4020142857142857
56031,0.6155333333333334
56033,0.40444285714285716
56035,0.13216666666666665
56037,0.2915307692307692
56039,0.07224285714285715
56041,0.27666666666666667
56043,0.5056999999999999
56045,0.6475500000000001
60010,-999.0
60020,-999.0
60030,-999.0
60040,-999.0
60050,-999.0
66010,-999.0
69085,-999.0
69100,-999.0
69110,-999.0
69120,-999.0
72001,-999.0
72003,-999.0
72005,-999.0
72007,-999.0
72009,-999.0
72011,-999.0
72013,-999.0
72015,-999.0
72017,-999.0
72019,-999.0
72021,-999.0
72023,-999.0
72025,-999.0
72027,-999.0
72029,-999.0
72031,-999.0
72033,-999.0
72035,-999.0
72037,-999.0
72039,-999.0
72041,-999.0
72043,-999.0
72045,-999.0
72047,-999.0
72049,-999.0
72051,-999.0
72053,-999.0
72054,-999.0
72055,-999.0
72057,-999.0
72059,-999.0
72061,-999.0
72063,-999.0
72065,-999.0
72067,-999.0
72069,-999.0
72071,-999.0
72073,-999.0
72075,-999.0
72077,-999.0
72079,-999.0
72081,-999.0
72083,-999.0
72085,-999.0
72087,-999.0
72089,-999.0
72091,-999.0
72093,-999.0
72095,-999.0
72097,-999.0
72099,-999.0
72101,-999.0
72103,-999.0
72105,-999.0
72107,-999.0
72109,-999.0
72111,-999.0
72113,-999.0
72115,-999.0
72117,-999.0
72119,-999.0
72121,-999.0
72123,-999.0
72125,-999.0
72127,-999.0
72129,-999.0
72131,-999.0
72133,-999.0
72135,-999.0
72137,-999.0
72139,-999.0
72141,-999.0
72143,-999.0
72145,-999.0
72147,-999.0
72149,-999.0
72151,-999.0
72153,-999.0
78010,-999.0
78020,-999.0
78030,-999.0
